detector,obs_total,sim_total,geh_total,geh_p50,geh_p90,geh_pct_pass,nrmse,nmae,mape,r2,pbias,d,u2,in_criterion,geh_total_verdict,nrmse_verdict,nmae_verdict,mape_verdict,r2_verdict,pbias_verdict,d_verdict,u2_verdict,label,date,daytype
d1,99.0,99.0,0.0,0.0,0.0,100.0,0.0,0.0,0.0,1.0,0.0,1.0,1.0,False,excellent,excellent,excellent,excellent,excellent,excellent,excellent,pass,exact,2019-01-01,weekday
d2,197.0,197.0,0.0,0.0,0.0,100.0,0.0,0.0,0.0,1.0,0.0,1.0,1.0,True,excellent,excellent,excellent,excellent,excellent,excellent,excellent,pass,exact,2019-01-01,weekday
d3,197.0,197.0,0.0,0.0,0.0,100.0,0.0,0.0,0.0,1.0,0.0,1.0,1.0,True,excellent,excellent,excellent,excellent,excellent,excellent,excellent,pass,exact,2019-01-01,weekday
d4,651.0,651.0,0.0,0.0,0.0,100.0,0.0,0.0,0.0,1.0,0.0,1.0,1.0,True,excellent,excellent,excellent,excellent,excellent,excellent,excellent,pass,exact,2019-01-01,weekday
d5,1028.0,1028.0,0.0,0.0,0.0,100.0,0.0,0.0,0.0,1.0,0.0,1.0,1.0,True,excellent,excellent,excellent,excellent,excellent,excellent,excellent,pass,exact,2019-01-01,weekday
d6,199.0,199.0,0.0,0.0,0.0,100.0,0.0,0.0,0.0,1.0,0.0,1.0,1.0,True,excellent,excellent,excellent,excellent,excellent,excellent,excellent,pass,exact,2019-01-01,weekday
d7,198.0,198.0,0.0,0.0,0.0,100.0,0.0,0.0,0.0,1.0,0.0,1.0,1.0,True,excellent,excellent,excellent,excellent,excellent,excellent,excellent,pass,exact,2019-01-01,weekday
d8,198.0,198.0,0.0,0.0,0.0,100.0,0.0,0.0,0.0,1.0,0.0,1.0,1.0,True,excellent,excellent,excellent,excellent,excellent,excellent,excellent,pass,exact,2019-01-01,weekday
d9,822.0,822.0,0.0,0.0,0.0,100.0,0.0,0.0,0.0,1.0,0.0,1.0,1.0,True,excellent,excellent,excellent,excellent,excellent,excellent,excellent,pass,exact,2019-01-01,weekday
d10,509.0,509.0,0.0,0.0,0.0,100.0,0.0,0.0,0.0,1.0,0.0,1.0,1.0,True,excellent,excellent,excellent,excellent,excellent,excellent,excellent,pass,exact,2019-01-01,weekday
d1,103.0,103.0,0.0,0.0,0.0,100.0,0.0,0.0,0.0,1.0,0.0,1.0,1.0,False,excellent,excellent,excellent,excellent,excellent,excellent,excellent,pass,exact,2019-01-02,weekday
d2,208.0,208.0,0.0,0.0,0.0,100.0,0.0,0.0,0.0,1.0,0.0,1.0,1.0,True,excellent,excellent,excellent,excellent,excellent,excellent,excellent,pass,exact,2019-01-02,weekday
d3,208.0,208.0,0.0,0.0,0.0,100.0,0.0,0.0,0.0,1.0,0.0,1.0,1.0,True,excellent,excellent,excellent,excellent,excellent,excellent,excellent,pass,exact,2019-01-02,weekday
d4,1147.0,1147.0,0.0,0.0,0.0,100.0,0.0,0.0,0.0,1.0,0.0,1.0,1.0,True,excellent,excellent,excellent,excellent,excellent,excellent,excellent,pass,exact,2019-01-02,weekday
d5,1643.0,1643.0,0.0,0.0,0.0,100.0,0.0,0.0,0.0,1.0,0.0,1.0,1.0,True,excellent,excellent,excellent,excellent,excellent,excellent,excellent,pass,exact,2019-01-02,weekday
d6,215.0,215.0,0.0,0.0,0.0,100.0,0.0,0.0,0.0,1.0,0.0,1.0,1.0,True,excellent,excellent,excellent,excellent,excellent,excellent,excellent,pass,exact,2019-01-02,weekday
d7,213.0,213.0,0.0,0.0,0.0,100.0,0.0,0.0,0.0,1.0,0.0,1.0,1.0,True,excellent,excellent,excellent,excellent,excellent,excellent,excellent,pass,exact,2019-01-02,weekday
d8,211.0,211.0,0.0,0.0,0.0,100.0,0.0,0.0,0.0,1.0,0.0,1.0,1.0,True,excellent,excellent,excellent,excellent,excellent,excellent,excellent,pass,exact,2019-01-02,weekday
d9,1292.0,1292.0,0.0,0.0,0.0,100.0,0.0,0.0,0.0,1.0,0.0,1.0,1.0,True,excellent,excellent,excellent,excellent,excellent,excellent,excellent,pass,exact,2019-01-02,weekday
d10,727.0,727.0,0.0,0.0,0.0,100.0,0.0,0.0,0.0,1.0,0.0,1.0,1.0,True,excellent,excellent,excellent,excellent,excellent,excellent,excellent,pass,exact,2019-01-02,weekday
d1,139.0,139.0,0.0,0.0,0.0,100.0,0.0,0.0,0.0,1.0,0.0,1.0,1.0,False,excellent,excellent,excellent,excellent,excellent,excellent,excellent,pass,exact,2019-01-03,weekday
d2,283.0,283.0,0.0,0.0,0.0,100.0,0.0,0.0,0.0,1.0,0.0,1.0,1.0,True,excellent,excellent,excellent,excellent,excellent,excellent,excellent,pass,exact,2019-01-03,weekday
d3,283.0,283.0,0.0,0.0,0.0,100.0,0.0,0.0,0.0,1.0,0.0,1.0,1.0,True,excellent,excellent,excellent,excellent,excellent,excellent,excellent,pass,exact,2019-01-03,weekday
d4,1106.0,1106.0,0.0,0.0,0.0,100.0,0.0,0.0,0.0,1.0,0.0,1.0,1.0,True,excellent,excellent,excellent,excellent,excellent,excellent,excellent,pass,exact,2019-01-03,weekday
d5,2495.0,2495.0,0.0,0.0,0.0,100.0,0.0,0.0,0.0,1.0,0.0,1.0,1.0,True,excellent,excellent,excellent,excellent,excellent,excellent,excellent,pass,exact,2019-01-03,weekday
d6,284.0,284.0,0.0,0.0,0.0,100.0,0.0,0.0,0.0,1.0,0.0,1.0,1.0,True,excellent,excellent,excellent,excellent,excellent,excellent,excellent,pass,exact,2019-01-03,weekday
d7,283.0,283.0,0.0,0.0,0.0,100.0,0.0,0.0,0.0,1.0,0.0,1.0,1.0,True,excellent,excellent,excellent,excellent,excellent,excellent,excellent,pass,exact,2019-01-03,weekday
d8,283.0,283.0,0.0,0.0,0.0,100.0,0.0,0.0,0.0,1.0,0.0,1.0,1.0,True,excellent,excellent,excellent,excellent,excellent,excellent,excellent,pass,exact,2019-01-03,weekday
d9,1834.0,1834.0,0.0,0.0,0.0,100.0,0.0,0.0,0.0,1.0,0.0,1.0,1.0,True,excellent,excellent,excellent,excellent,excellent,excellent,excellent,pass,exact,2019-01-03,weekday
d10,869.0,869.0,0.0,0.0,0.0,100.0,0.0,0.0,0.0,1.0,0.0,1.0,1.0,True,excellent,excellent,excellent,excellent,excellent,excellent,excellent,pass,exact,2019-01-03,weekday
d1,145.0,145.0,0.0,0.0,0.0,100.0,0.0,0.0,0.0,1.0,0.0,1.0,1.0,False,excellent,excellent,excellent,excellent,excellent,excellent,excellent,pass,exact,2019-01-04,weekday
d2,291.0,291.0,0.0,0.0,0.0,100.0,0.0,0.0,0.0,1.0,0.0,1.0,1.0,True,excellent,excellent,excellent,excellent,excellent,excellent,excellent,pass,exact,2019-01-04,weekday
d3,292.0,292.0,0.0,0.0,0.0,100.0,0.0,0.0,0.0,1.0,0.0,1.0,1.0,True,excellent,excellent,excellent,excellent,excellent,excellent,excellent,pass,exact,2019-01-04,weekday
d4,1246.0,1246.0,0.0,0.0,0.0,100.0,0.0,0.0,0.0,1.0,0.0,1.0,1.0,True,excellent,excellent,excellent,excellent,excellent,excellent,excellent,pass,exact,2019-01-04,weekday
d5,2800.0,2800.0,0.0,0.0,0.0,100.0,0.0,0.0,0.0,1.0,0.0,1.0,1.0,True,excellent,excellent,excellent,excellent,excellent,excellent,excellent,pass,exact,2019-01-04,weekday
d6,293.0,293.0,0.0,0.0,0.0,100.0,0.0,0.0,0.0,1.0,0.0,1.0,1.0,True,excellent,excellent,excellent,excellent,excellent,excellent,excellent,pass,exact,2019-01-04,weekday
d7,291.0,291.0,0.0,0.0,0.0,100.0,0.0,0.0,0.0,1.0,0.0,1.0,1.0,True,excellent,excellent,excellent,excellent,excellent,excellent,excellent,pass,exact,2019-01-04,weekday
d8,292.0,292.0,0.0,0.0,0.0,100.0,0.0,0.0,0.0,1.0,0.0,1.0,1.0,True,excellent,excellent,excellent,excellent,excellent,excellent,excellent,pass,exact,2019-01-04,weekday
d9,2017.0,2017.0,0.0,0.0,0.0,100.0,0.0,0.0,0.0,1.0,0.0,1.0,1.0,True,excellent,excellent,excellent,excellent,excellent,excellent,excellent,pass,exact,2019-01-04,weekday
d10,922.0,922.0,0.0,0.0,0.0,100.0,0.0,0.0,0.0,1.0,0.0,1.0,1.0,True,excellent,excellent,excellent,excellent,excellent,excellent,excellent,pass,exact,2019-01-04,weekday
d1,129.0,129.0,0.0,0.0,0.0,100.0,0.0,0.0,0.0,1.0,0.0,1.0,1.0,False,excellent,excellent,excellent,excellent,excellent,excellent,excellent,pass,exact,2019-01-05,weekend
d2,259.0,259.0,0.0,0.0,0.0,100.0,0.0,0.0,0.0,1.0,0.0,1.0,1.0,True,excellent,excellent,excellent,excellent,excellent,excellent,excellent,pass,exact,2019-01-05,weekend
d3,259.0,259.0,0.0,0.0,0.0,100.0,0.0,0.0,0.0,1.0,0.0,1.0,1.0,True,excellent,excellent,excellent,excellent,excellent,excellent,excellent,pass,exact,2019-01-05,weekend
d4,1134.0,1134.0,0.0,0.0,0.0,100.0,0.0,0.0,0.0,1.0,0.0,1.0,1.0,True,excellent,excellent,excellent,excellent,excellent,excellent,excellent,pass,exact,2019-01-05,weekend
d5,2203.0,2203.0,0.0,0.0,0.0,100.0,0.0,0.0,0.0,1.0,0.0,1.0,1.0,True,excellent,excellent,excellent,excellent,excellent,excellent,excellent,pass,exact,2019-01-05,weekend
d6,266.0,266.0,0.0,0.0,0.0,100.0,0.0,0.0,0.0,1.0,0.0,1.0,1.0,True,excellent,excellent,excellent,excellent,excellent,excellent,excellent,pass,exact,2019-01-05,weekend
d7,266.0,266.0,0.0,0.0,0.0,100.0,0.0,0.0,0.0,1.0,0.0,1.0,1.0,True,excellent,excellent,excellent,excellent,excellent,excellent,excellent,pass,exact,2019-01-05,weekend
d8,262.0,262.0,0.0,0.0,0.0,100.0,0.0,0.0,0.0,1.0,0.0,1.0,1.0,True,excellent,excellent,excellent,excellent,excellent,excellent,excellent,pass,exact,2019-01-05,weekend
d9,1862.0,1862.0,0.0,0.0,0.0,100.0,0.0,0.0,0.0,1.0,0.0,1.0,1.0,True,excellent,excellent,excellent,excellent,excellent,excellent,excellent,pass,exact,2019-01-05,weekend
d10,791.0,791.0,0.0,0.0,0.0,100.0,0.0,0.0,0.0,1.0,0.0,1.0,1.0,True,excellent,excellent,excellent,excellent,excellent,excellent,excellent,pass,exact,2019-01-05,weekend
d1,103.0,103.0,0.0,0.0,0.0,100.0,0.0,0.0,0.0,1.0,0.0,1.0,1.0,False,excellent,excellent,excellent,excellent,excellent,excellent,excellent,pass,exact,2019-01-06,weekend
d2,207.0,207.0,0.0,0.0,0.0,100.0,0.0,0.0,0.0,1.0,0.0,1.0,1.0,True,excellent,excellent,excellent,excellent,excellent,excellent,excellent,pass,exact,2019-01-06,weekend
d3,208.0,208.0,0.0,0.0,0.0,100.0,0.0,0.0,0.0,1.0,0.0,1.0,1.0,True,excellent,excellent,excellent,excellent,excellent,excellent,excellent,pass,exact,2019-01-06,weekend
d4,781.0,781.0,0.0,0.0,0.0,100.0,0.0,0.0,0.0,1.0,0.0,1.0,1.0,True,excellent,excellent,excellent,excellent,excellent,excellent,excellent,pass,exact,2019-01-06,weekend
d5,1403.0,1403.0,0.0,0.0,0.0,100.0,0.0,0.0,0.0,1.0,0.0,1.0,1.0,True,excellent,excellent,excellent,excellent,excellent,excellent,excellent,pass,exact,2019-01-06,weekend
d6,212.0,212.0,0.0,0.0,0.0,100.0,0.0,0.0,0.0,1.0,0.0,1.0,1.0,True,excellent,excellent,excellent,excellent,excellent,excellent,excellent,pass,exact,2019-01-06,weekend
d7,212.0,212.0,0.0,0.0,0.0,100.0,0.0,0.0,0.0,1.0,0.0,1.0,1.0,True,excellent,excellent,excellent,excellent,excellent,excellent,excellent,pass,exact,2019-01-06,weekend
d8,209.0,209.0,0.0,0.0,0.0,100.0,0.0,0.0,0.0,1.0,0.0,1.0,1.0,True,excellent,excellent,excellent,excellent,excellent,excellent,excellent,pass,exact,2019-01-06,weekend
d9,1235.0,1235.0,0.0,0.0,0.0,100.0,0.0,0.0,0.0,1.0,0.0,1.0,1.0,True,excellent,excellent,excellent,excellent,excellent,excellent,excellent,pass,exact,2019-01-06,weekend
d10,620.0,620.0,0.0,0.0,0.0,100.0,0.0,0.0,0.0,1.0,0.0,1.0,1.0,True,excellent,excellent,excellent,excellent,excellent,excellent,excellent,pass,exact,2019-01-06,weekend
d1,139.0,139.0,0.0,0.0,0.0,100.0,0.0,0.0,0.0,1.0,0.0,1.0,1.0,False,excellent,excellent,excellent,excellent,excellent,excellent,excellent,pass,exact,2019-01-07,weekday
d2,282.0,282.0,0.0,0.0,0.0,100.0,0.0,0.0,0.0,1.0,0.0,1.0,1.0,True,excellent,excellent,excellent,excellent,excellent,excellent,excellent,pass,exact,2019-01-07,weekday
d3,286.0,286.0,0.0,0.0,0.0,100.0,0.0,0.0,0.0,1.0,0.0,1.0,1.0,True,excellent,excellent,excellent,excellent,excellent,excellent,excellent,pass,exact,2019-01-07,weekday
d4,805.0,805.0,0.0,0.0,0.0,100.0,0.0,0.0,0.0,1.0,0.0,1.0,1.0,True,excellent,excellent,excellent,excellent,excellent,excellent,excellent,pass,exact,2019-01-07,weekday
d5,2926.0,2926.0,0.0,0.0,0.0,100.0,0.0,0.0,0.0,1.0,0.0,1.0,1.0,True,excellent,excellent,excellent,excellent,excellent,excellent,excellent,pass,exact,2019-01-07,weekday
d6,284.0,284.0,0.0,0.0,0.0,100.0,0.0,0.0,0.0,1.0,0.0,1.0,1.0,True,excellent,excellent,excellent,excellent,excellent,excellent,excellent,pass,exact,2019-01-07,weekday
d7,284.0,284.0,0.0,0.0,0.0,100.0,0.0,0.0,0.0,1.0,0.0,1.0,1.0,True,excellent,excellent,excellent,excellent,excellent,excellent,excellent,pass,exact,2019-01-07,weekday
d8,285.0,285.0,0.0,0.0,0.0,100.0,0.0,0.0,0.0,1.0,0.0,1.0,1.0,True,excellent,excellent,excellent,excellent,excellent,excellent,excellent,pass,exact,2019-01-07,weekday
d9,1990.0,1990.0,0.0,0.0,0.0,100.0,0.0,0.0,0.0,1.0,0.0,1.0,1.0,True,excellent,excellent,excellent,excellent,excellent,excellent,excellent,pass,exact,2019-01-07,weekday
d10,834.0,834.0,0.0,0.0,0.0,100.0,0.0,0.0,0.0,1.0,0.0,1.0,1.0,True,excellent,excellent,excellent,excellent,excellent,excellent,excellent,pass,exact,2019-01-07,weekday
d1,139.0,139.0,0.0,0.0,0.0,100.0,0.0,0.0,0.0,1.0,0.0,1.0,1.0,False,excellent,excellent,excellent,excellent,excellent,excellent,excellent,pass,exact,2019-01-08,weekday
d2,283.0,283.0,0.0,0.0,0.0,100.0,0.0,0.0,0.0,1.0,0.0,1.0,1.0,True,excellent,excellent,excellent,excellent,excellent,excellent,excellent,pass,exact,2019-01-08,weekday
d3,284.0,284.0,0.0,0.0,0.0,100.0,0.0,0.0,0.0,1.0,0.0,1.0,1.0,True,excellent,excellent,excellent,excellent,excellent,excellent,excellent,pass,exact,2019-01-08,weekday
d4,860.0,860.0,0.0,0.0,0.0,100.0,0.0,0.0,0.0,1.0,0.0,1.0,1.0,True,excellent,excellent,excellent,excellent,excellent,excellent,excellent,pass,exact,2019-01-08,weekday
d5,3149.0,3149.0,0.0,0.0,0.0,100.0,0.0,0.0,0.0,1.0,0.0,1.0,1.0,True,excellent,excellent,excellent,excellent,excellent,excellent,excellent,pass,exact,2019-01-08,weekday
d6,286.0,286.0,0.0,0.0,0.0,100.0,0.0,0.0,0.0,1.0,0.0,1.0,1.0,True,excellent,excellent,excellent,excellent,excellent,excellent,excellent,pass,exact,2019-01-08,weekday
d7,285.0,285.0,0.0,0.0,0.0,100.0,0.0,0.0,0.0,1.0,0.0,1.0,1.0,True,excellent,excellent,excellent,excellent,excellent,excellent,excellent,pass,exact,2019-01-08,weekday
d8,284.0,284.0,0.0,0.0,0.0,100.0,0.0,0.0,0.0,1.0,0.0,1.0,1.0,True,excellent,excellent,excellent,excellent,excellent,excellent,excellent,pass,exact,2019-01-08,weekday
d9,2082.0,2082.0,0.0,0.0,0.0,100.0,0.0,0.0,0.0,1.0,0.0,1.0,1.0,True,excellent,excellent,excellent,excellent,excellent,excellent,excellent,pass,exact,2019-01-08,weekday
d10,862.0,862.0,0.0,0.0,0.0,100.0,0.0,0.0,0.0,1.0,0.0,1.0,1.0,True,excellent,excellent,excellent,excellent,excellent,excellent,excellent,pass,exact,2019-01-08,weekday
d1,143.0,143.0,0.0,0.0,0.0,100.0,0.0,0.0,0.0,1.0,0.0,1.0,1.0,False,excellent,excellent,excellent,excellent,excellent,excellent,excellent,pass,exact,2019-01-09,weekday
d2,287.0,287.0,0.0,0.0,0.0,100.0,0.0,0.0,0.0,1.0,0.0,1.0,1.0,True,excellent,excellent,excellent,excellent,excellent,excellent,excellent,pass,exact,2019-01-09,weekday
d3,289.0,289.0,0.0,0.0,0.0,100.0,0.0,0.0,0.0,1.0,0.0,1.0,1.0,True,excellent,excellent,excellent,excellent,excellent,excellent,excellent,pass,exact,2019-01-09,weekday
d4,956.0,956.0,0.0,0.0,0.0,100.0,0.0,0.0,0.0,1.0,0.0,1.0,1.0,True,excellent,excellent,excellent,excellent,excellent,excellent,excellent,pass,exact,2019-01-09,weekday
d5,3240.0,3240.0,0.0,0.0,0.0,100.0,0.0,0.0,0.0,1.0,0.0,1.0,1.0,True,excellent,excellent,excellent,excellent,excellent,excellent,excellent,pass,exact,2019-01-09,weekday
d6,293.0,293.0,0.0,0.0,0.0,100.0,0.0,0.0,0.0,1.0,0.0,1.0,1.0,True,excellent,excellent,excellent,excellent,excellent,excellent,excellent,pass,exact,2019-01-09,weekday
d7,289.0,289.0,0.0,0.0,0.0,100.0,0.0,0.0,0.0,1.0,0.0,1.0,1.0,True,excellent,excellent,excellent,excellent,excellent,excellent,excellent,pass,exact,2019-01-09,weekday
d8,287.0,287.0,0.0,0.0,0.0,100.0,0.0,0.0,0.0,1.0,0.0,1.0,1.0,True,excellent,excellent,excellent,excellent,excellent,excellent,excellent,pass,exact,2019-01-09,weekday
d9,2210.0,2210.0,0.0,0.0,0.0,100.0,0.0,0.0,0.0,1.0,0.0,1.0,1.0,True,excellent,excellent,excellent,excellent,excellent,excellent,excellent,pass,exact,2019-01-09,weekday
d10,923.0,923.0,0.0,0.0,0.0,100.0,0.0,0.0,0.0,1.0,0.0,1.0,1.0,True,excellent,excellent,excellent,excellent,excellent,excellent,excellent,pass,exact,2019-01-09,weekday
d1,141.0,141.0,0.0,0.0,0.0,100.0,0.0,0.0,0.0,1.0,0.0,1.0,1.0,False,excellent,excellent,excellent,excellent,excellent,excellent,excellent,pass,exact,2019-01-10,weekday
d2,287.0,287.0,0.0,0.0,0.0,100.0,0.0,0.0,0.0,1.0,0.0,1.0,1.0,True,excellent,excellent,excellent,excellent,excellent,excellent,excellent,pass,exact,2019-01-10,weekday
d3,288.0,288.0,0.0,0.0,0.0,100.0,0.0,0.0,0.0,1.0,0.0,1.0,1.0,True,excellent,excellent,excellent,excellent,excellent,excellent,excellent,pass,exact,2019-01-10,weekday
d4,923.0,923.0,0.0,0.0,0.0,100.0,0.0,0.0,0.0,1.0,0.0,1.0,1.0,True,excellent,excellent,excellent,excellent,excellent,excellent,excellent,pass,exact,2019-01-10,weekday
d5,3016.0,3016.0,0.0,0.0,0.0,100.0,0.0,0.0,0.0,1.0,0.0,1.0,1.0,True,excellent,excellent,excellent,excellent,excellent,excellent,excellent,pass,exact,2019-01-10,weekday
d6,293.0,293.0,0.0,0.0,0.0,100.0,0.0,0.0,0.0,1.0,0.0,1.0,1.0,True,excellent,excellent,excellent,excellent,excellent,excellent,excellent,pass,exact,2019-01-10,weekday
d7,290.0,290.0,0.0,0.0,0.0,100.0,0.0,0.0,0.0,1.0,0.0,1.0,1.0,True,excellent,excellent,excellent,excellent,excellent,excellent,excellent,pass,exact,2019-01-10,weekday
d8,289.0,289.0,0.0,0.0,0.0,100.0,0.0,0.0,0.0,1.0,0.0,1.0,1.0,True,excellent,excellent,excellent,excellent,excellent,excellent,excellent,pass,exact,2019-01-10,weekday
d9,2155.0,2155.0,0.0,0.0,0.0,100.0,0.0,0.0,0.0,1.0,0.0,1.0,1.0,True,excellent,excellent,excellent,excellent,excellent,excellent,excellent,pass,exact,2019-01-10,weekday
d10,873.0,873.0,0.0,0.0,0.0,100.0,0.0,0.0,0.0,1.0,0.0,1.0,1.0,True,excellent,excellent,excellent,excellent,excellent,excellent,excellent,pass,exact,2019-01-10,weekday
d1,155.0,155.0,0.0,0.0,0.0,100.0,0.0,0.0,0.0,1.0,0.0,1.0,1.0,False,excellent,excellent,excellent,excellent,excellent,excellent,excellent,pass,exact,2019-01-11,weekday
d2,300.0,300.0,0.0,0.0,0.0,100.0,0.0,0.0,0.0,1.0,0.0,1.0,1.0,True,excellent,excellent,excellent,excellent,excellent,excellent,excellent,pass,exact,2019-01-11,weekday
d3,303.0,303.0,0.0,0.0,0.0,100.0,0.0,0.0,0.0,1.0,0.0,1.0,1.0,True,excellent,excellent,excellent,excellent,excellent,excellent,excellent,pass,exact,2019-01-11,weekday
d4,1097.0,1097.0,0.0,0.0,0.0,100.0,0.0,0.0,0.0,1.0,0.0,1.0,1.0,True,excellent,excellent,excellent,excellent,excellent,excellent,excellent,pass,exact,2019-01-11,weekday
d5,3595.0,3595.0,0.0,0.0,0.0,100.0,0.0,0.0,0.0,1.0,0.0,1.0,1.0,True,excellent,excellent,excellent,excellent,excellent,excellent,excellent,pass,exact,2019-01-11,weekday
d6,306.0,306.0,0.0,0.0,0.0,100.0,0.0,0.0,0.0,1.0,0.0,1.0,1.0,True,excellent,excellent,excellent,excellent,excellent,excellent,excellent,pass,exact,2019-01-11,weekday
d7,304.0,304.0,0.0,0.0,0.0,100.0,0.0,0.0,0.0,1.0,0.0,1.0,1.0,True,excellent,excellent,excellent,excellent,excellent,excellent,excellent,pass,exact,2019-01-11,weekday
d8,302.0,302.0,0.0,0.0,0.0,100.0,0.0,0.0,0.0,1.0,0.0,1.0,1.0,True,excellent,excellent,excellent,excellent,excellent,excellent,excellent,pass,exact,2019-01-11,weekday
d9,2418.0,2418.0,0.0,0.0,0.0,100.0,0.0,0.0,0.0,1.0,0.0,1.0,1.0,True,excellent,excellent,excellent,excellent,excellent,excellent,excellent,pass,exact,2019-01-11,weekday
d10,1016.0,1016.0,0.0,0.0,0.0,100.0,0.0,0.0,0.0,1.0,0.0,1.0,1.0,True,excellent,excellent,excellent,excellent,excellent,excellent,excellent,pass,exact,2019-01-11,weekday
d1,134.0,134.0,0.0,0.0,0.0,100.0,0.0,0.0,0.0,1.0,0.0,1.0,1.0,False,excellent,excellent,excellent,excellent,excellent,excellent,excellent,pass,exact,2019-01-12,weekend
d2,269.0,269.0,0.0,0.0,0.0,100.0,0.0,0.0,0.0,1.0,0.0,1.0,1.0,True,excellent,excellent,excellent,excellent,excellent,excellent,excellent,pass,exact,2019-01-12,weekend
d3,269.0,269.0,0.0,0.0,0.0,100.0,0.0,0.0,0.0,1.0,0.0,1.0,1.0,True,excellent,excellent,excellent,excellent,excellent,excellent,excellent,pass,exact,2019-01-12,weekend
d4,1398.0,1398.0,0.0,0.0,0.0,100.0,0.0,0.0,0.0,1.0,0.0,1.0,1.0,True,excellent,excellent,excellent,excellent,excellent,excellent,excellent,pass,exact,2019-01-12,weekend
d5,2638.0,2638.0,0.0,0.0,0.0,100.0,0.0,0.0,0.0,1.0,0.0,1.0,1.0,True,excellent,excellent,excellent,excellent,excellent,excellent,excellent,pass,exact,2019-01-12,weekend
d6,278.0,278.0,0.0,0.0,0.0,100.0,0.0,0.0,0.0,1.0,0.0,1.0,1.0,True,excellent,excellent,excellent,excellent,excellent,excellent,excellent,pass,exact,2019-01-12,weekend
d7,275.0,275.0,0.0,0.0,0.0,100.0,0.0,0.0,0.0,1.0,0.0,1.0,1.0,True,excellent,excellent,excellent,excellent,excellent,excellent,excellent,pass,exact,2019-01-12,weekend
d8,275.0,275.0,0.0,0.0,0.0,100.0,0.0,0.0,0.0,1.0,0.0,1.0,1.0,True,excellent,excellent,excellent,excellent,excellent,excellent,excellent,pass,exact,2019-01-12,weekend
d9,2142.0,2142.0,0.0,0.0,0.0,100.0,0.0,0.0,0.0,1.0,0.0,1.0,1.0,True,excellent,excellent,excellent,excellent,excellent,excellent,excellent,pass,exact,2019-01-12,weekend
d10,863.0,863.0,0.0,0.0,0.0,100.0,0.0,0.0,0.0,1.0,0.0,1.0,1.0,True,excellent,excellent,excellent,excellent,excellent,excellent,excellent,pass,exact,2019-01-12,weekend
d1,104.0,104.0,0.0,0.0,0.0,100.0,0.0,0.0,0.0,1.0,0.0,1.0,1.0,False,excellent,excellent,excellent,excellent,excellent,excellent,excellent,pass,exact,2019-01-13,weekend
d2,210.0,210.0,0.0,0.0,0.0,100.0,0.0,0.0,0.0,1.0,0.0,1.0,1.0,True,excellent,excellent,excellent,excellent,excellent,excellent,excellent,pass,exact,2019-01-13,weekend
d3,210.0,210.0,0.0,0.0,0.0,100.0,0.0,0.0,0.0,1.0,0.0,1.0,1.0,True,excellent,excellent,excellent,excellent,excellent,excellent,excellent,pass,exact,2019-01-13,weekend
d4,828.0,828.0,0.0,0.0,0.0,100.0,0.0,0.0,0.0,1.0,0.0,1.0,1.0,True,excellent,excellent,excellent,excellent,excellent,excellent,excellent,pass,exact,2019-01-13,weekend
d5,1535.0,1535.0,0.0,0.0,0.0,100.0,0.0,0.0,0.0,1.0,0.0,1.0,1.0,True,excellent,excellent,excellent,excellent,excellent,excellent,excellent,pass,exact,2019-01-13,weekend
d6,214.0,214.0,0.0,0.0,0.0,100.0,0.0,0.0,0.0,1.0,0.0,1.0,1.0,True,excellent,excellent,excellent,excellent,excellent,excellent,excellent,pass,exact,2019-01-13,weekend
d7,216.0,216.0,0.0,0.0,0.0,100.0,0.0,0.0,0.0,1.0,0.0,1.0,1.0,True,excellent,excellent,excellent,excellent,excellent,excellent,excellent,pass,exact,2019-01-13,weekend
d8,219.0,219.0,0.0,0.0,0.0,100.0,0.0,0.0,0.0,1.0,0.0,1.0,1.0,True,excellent,excellent,excellent,excellent,excellent,excellent,excellent,pass,exact,2019-01-13,weekend
d9,1262.0,1262.0,0.0,0.0,0.0,100.0,0.0,0.0,0.0,1.0,0.0,1.0,1.0,True,excellent,excellent,excellent,excellent,excellent,excellent,excellent,pass,exact,2019-01-13,weekend
d10,650.0,650.0,0.0,0.0,0.0,100.0,0.0,0.0,0.0,1.0,0.0,1.0,1.0,True,excellent,excellent,excellent,excellent,excellent,excellent,excellent,pass,exact,2019-01-13,weekend
d1,138.0,138.0,0.0,0.0,0.0,100.0,0.0,0.0,0.0,1.0,0.0,1.0,1.0,False,excellent,excellent,excellent,excellent,excellent,excellent,excellent,pass,exact,2019-01-14,weekday
d2,284.0,284.0,0.0,0.0,0.0,100.0,0.0,0.0,0.0,1.0,0.0,1.0,1.0,True,excellent,excellent,excellent,excellent,excellent,excellent,excellent,pass,exact,2019-01-14,weekday
d3,284.0,284.0,0.0,0.0,0.0,100.0,0.0,0.0,0.0,1.0,0.0,1.0,1.0,True,excellent,excellent,excellent,excellent,excellent,excellent,excellent,pass,exact,2019-01-14,weekday
d4,858.0,858.0,0.0,0.0,0.0,100.0,0.0,0.0,0.0,1.0,0.0,1.0,1.0,True,excellent,excellent,excellent,excellent,excellent,excellent,excellent,pass,exact,2019-01-14,weekday
d5,3193.0,3193.0,0.0,0.0,0.0,100.0,0.0,0.0,0.0,1.0,0.0,1.0,1.0,True,excellent,excellent,excellent,excellent,excellent,excellent,excellent,pass,exact,2019-01-14,weekday
d6,287.0,287.0,0.0,0.0,0.0,100.0,0.0,0.0,0.0,1.0,0.0,1.0,1.0,True,excellent,excellent,excellent,excellent,excellent,excellent,excellent,pass,exact,2019-01-14,weekday
d7,287.0,287.0,0.0,0.0,0.0,100.0,0.0,0.0,0.0,1.0,0.0,1.0,1.0,True,excellent,excellent,excellent,excellent,excellent,excellent,excellent,pass,exact,2019-01-14,weekday
d8,289.0,289.0,0.0,0.0,0.0,100.0,0.0,0.0,0.0,1.0,0.0,1.0,1.0,True,excellent,excellent,excellent,excellent,excellent,excellent,excellent,pass,exact,2019-01-14,weekday
d9,2099.0,2099.0,0.0,0.0,0.0,100.0,0.0,0.0,0.0,1.0,0.0,1.0,1.0,True,excellent,excellent,excellent,excellent,excellent,excellent,excellent,pass,exact,2019-01-14,weekday
d10,893.0,893.0,0.0,0.0,0.0,100.0,0.0,0.0,0.0,1.0,0.0,1.0,1.0,True,excellent,excellent,excellent,excellent,excellent,excellent,excellent,pass,exact,2019-01-14,weekday
d1,131.0,131.0,0.0,0.0,0.0,100.0,0.0,0.0,0.0,1.0,0.0,1.0,1.0,False,excellent,excellent,excellent,excellent,excellent,excellent,excellent,pass,exact,2019-01-15,weekday
d2,283.0,283.0,0.0,0.0,0.0,100.0,0.0,0.0,0.0,1.0,0.0,1.0,1.0,True,excellent,excellent,excellent,excellent,excellent,excellent,excellent,pass,exact,2019-01-15,weekday
d3,285.0,285.0,0.0,0.0,0.0,100.0,0.0,0.0,0.0,1.0,0.0,1.0,1.0,True,excellent,excellent,excellent,excellent,excellent,excellent,excellent,pass,exact,2019-01-15,weekday
d4,955.0,955.0,0.0,0.0,0.0,100.0,0.0,0.0,0.0,1.0,0.0,1.0,1.0,True,excellent,excellent,excellent,excellent,excellent,excellent,excellent,pass,exact,2019-01-15,weekday
d5,3602.0,3602.0,0.0,0.0,0.0,100.0,0.0,0.0,0.0,1.0,0.0,1.0,1.0,True,excellent,excellent,excellent,excellent,excellent,excellent,excellent,pass,exact,2019-01-15,weekday
d6,287.0,287.0,0.0,0.0,0.0,100.0,0.0,0.0,0.0,1.0,0.0,1.0,1.0,True,excellent,excellent,excellent,excellent,excellent,excellent,excellent,pass,exact,2019-01-15,weekday
d7,287.0,287.0,0.0,0.0,0.0,100.0,0.0,0.0,0.0,1.0,0.0,1.0,1.0,True,excellent,excellent,excellent,excellent,excellent,excellent,excellent,pass,exact,2019-01-15,weekday
d8,284.0,284.0,0.0,0.0,0.0,100.0,0.0,0.0,0.0,1.0,0.0,1.0,1.0,True,excellent,excellent,excellent,excellent,excellent,excellent,excellent,pass,exact,2019-01-15,weekday
d9,2257.0,2257.0,0.0,0.0,0.0,100.0,0.0,0.0,0.0,1.0,0.0,1.0,1.0,True,excellent,excellent,excellent,excellent,excellent,excellent,excellent,pass,exact,2019-01-15,weekday
d10,967.0,967.0,0.0,0.0,0.0,100.0,0.0,0.0,0.0,1.0,0.0,1.0,1.0,True,excellent,excellent,excellent,excellent,excellent,excellent,excellent,pass,exact,2019-01-15,weekday
d1,142.0,142.0,0.0,0.0,0.0,100.0,0.0,0.0,0.0,1.0,0.0,1.0,1.0,False,excellent,excellent,excellent,excellent,excellent,excellent,excellent,pass,exact,2019-01-16,weekday
d2,286.0,286.0,0.0,0.0,0.0,100.0,0.0,0.0,0.0,1.0,0.0,1.0,1.0,True,excellent,excellent,excellent,excellent,excellent,excellent,excellent,pass,exact,2019-01-16,weekday
d3,286.0,286.0,0.0,0.0,0.0,100.0,0.0,0.0,0.0,1.0,0.0,1.0,1.0,True,excellent,excellent,excellent,excellent,excellent,excellent,excellent,pass,exact,2019-01-16,weekday
d4,968.0,968.0,0.0,0.0,0.0,100.0,0.0,0.0,0.0,1.0,0.0,1.0,1.0,True,excellent,excellent,excellent,excellent,excellent,excellent,excellent,pass,exact,2019-01-16,weekday
d5,3643.0,3643.0,0.0,0.0,0.0,100.0,0.0,0.0,0.0,1.0,0.0,1.0,1.0,True,excellent,excellent,excellent,excellent,excellent,excellent,excellent,pass,exact,2019-01-16,weekday
d6,291.0,291.0,0.0,0.0,0.0,100.0,0.0,0.0,0.0,1.0,0.0,1.0,1.0,True,excellent,excellent,excellent,excellent,excellent,excellent,excellent,pass,exact,2019-01-16,weekday
d7,289.0,289.0,0.0,0.0,0.0,100.0,0.0,0.0,0.0,1.0,0.0,1.0,1.0,True,excellent,excellent,excellent,excellent,excellent,excellent,excellent,pass,exact,2019-01-16,weekday
d8,289.0,289.0,0.0,0.0,0.0,100.0,0.0,0.0,0.0,1.0,0.0,1.0,1.0,True,excellent,excellent,excellent,excellent,excellent,excellent,excellent,pass,exact,2019-01-16,weekday
d9,2342.0,2342.0,0.0,0.0,0.0,100.0,0.0,0.0,0.0,1.0,0.0,1.0,1.0,True,excellent,excellent,excellent,excellent,excellent,excellent,excellent,pass,exact,2019-01-16,weekday
d10,950.0,950.0,0.0,0.0,0.0,100.0,0.0,0.0,0.0,1.0,0.0,1.0,1.0,True,excellent,excellent,excellent,excellent,excellent,excellent,excellent,pass,exact,2019-01-16,weekday
d1,141.0,141.0,0.0,0.0,0.0,100.0,0.0,0.0,0.0,1.0,0.0,1.0,1.0,False,excellent,excellent,excellent,excellent,excellent,excellent,excellent,pass,exact,2019-01-17,weekday
d2,287.0,287.0,0.0,0.0,0.0,100.0,0.0,0.0,0.0,1.0,0.0,1.0,1.0,True,excellent,excellent,excellent,excellent,excellent,excellent,excellent,pass,exact,2019-01-17,weekday
d3,289.0,289.0,0.0,0.0,0.0,100.0,0.0,0.0,0.0,1.0,0.0,1.0,1.0,True,excellent,excellent,excellent,excellent,excellent,excellent,excellent,pass,exact,2019-01-17,weekday
d4,1122.0,1122.0,0.0,0.0,0.0,100.0,0.0,0.0,0.0,1.0,0.0,1.0,1.0,True,excellent,excellent,excellent,excellent,excellent,excellent,excellent,pass,exact,2019-01-17,weekday
d5,3625.0,3625.0,0.0,0.0,0.0,100.0,0.0,0.0,0.0,1.0,0.0,1.0,1.0,True,excellent,excellent,excellent,excellent,excellent,excellent,excellent,pass,exact,2019-01-17,weekday
d6,287.0,288.0,0.0589767824619588,0.0,0.0,100.0,1.7069614932286956,0.3484320557491289,0.6802721088435374,0.9989764148931634,0.3484320557491289,0.999742864489586,1.0,True,excellent,excellent,excellent,excellent,excellent,excellent,excellent,pass,exact,2019-01-17,weekday
d7,287.0,287.0,0.0,0.0,0.0,100.0,0.0,0.0,0.0,1.0,0.0,1.0,1.0,True,excellent,excellent,excellent,excellent,excellent,excellent,excellent,pass,exact,2019-01-17,weekday
d8,288.0,288.0,0.0,0.0,0.0,100.0,0.0,0.0,0.0,1.0,0.0,1.0,1.0,True,excellent,excellent,excellent,excellent,excellent,excellent,excellent,pass,exact,2019-01-17,weekday
d9,2499.0,2499.0,0.0,0.0,0.0,100.0,0.0,0.0,0.0,1.0,0.0,1.0,1.0,True,excellent,excellent,excellent,excellent,excellent,excellent,excellent,pass,exact,2019-01-17,weekday
d10,994.0,994.0,0.0,0.0,0.0,100.0,0.0,0.0,0.0,1.0,0.0,1.0,1.0,True,excellent,excellent,excellent,excellent,excellent,excellent,excellent,pass,exact,2019-01-17,weekday
d1,146.0,146.0,0.0,0.0,0.0,100.0,0.0,0.0,0.0,1.0,0.0,1.0,1.0,False,excellent,excellent,excellent,excellent,excellent,excellent,excellent,pass,exact,2019-01-18,weekday
d2,293.0,293.0,0.0,0.0,0.0,100.0,0.0,0.0,0.0,1.0,0.0,1.0,1.0,True,excellent,excellent,excellent,excellent,excellent,excellent,excellent,pass,exact,2019-01-18,weekday
d3,294.0,294.0,0.0,0.0,0.0,100.0,0.0,0.0,0.0,1.0,0.0,1.0,1.0,True,excellent,excellent,excellent,excellent,excellent,excellent,excellent,pass,exact,2019-01-18,weekday
d4,1256.0,1256.0,0.0,0.0,0.0,100.0,0.0,0.0,0.0,1.0,0.0,1.0,1.0,True,excellent,excellent,excellent,excellent,excellent,excellent,excellent,pass,exact,2019-01-18,weekday
d5,4005.0,4005.0,0.0,0.0,0.0,100.0,0.0,0.0,0.0,1.0,0.0,1.0,1.0,True,excellent,excellent,excellent,excellent,excellent,excellent,excellent,pass,exact,2019-01-18,weekday
d6,302.0,302.0,0.0,0.0,0.0,100.0,0.0,0.0,0.0,1.0,0.0,1.0,1.0,True,excellent,excellent,excellent,excellent,excellent,excellent,excellent,pass,exact,2019-01-18,weekday
d7,301.0,301.0,0.0,0.0,0.0,100.0,0.0,0.0,0.0,1.0,0.0,1.0,1.0,True,excellent,excellent,excellent,excellent,excellent,excellent,excellent,pass,exact,2019-01-18,weekday
d8,294.0,294.0,0.0,0.0,0.0,100.0,0.0,0.0,0.0,1.0,0.0,1.0,1.0,True,excellent,excellent,excellent,excellent,excellent,excellent,excellent,pass,exact,2019-01-18,weekday
d9,2639.0,2639.0,0.0,0.0,0.0,100.0,0.0,0.0,0.0,1.0,0.0,1.0,1.0,True,excellent,excellent,excellent,excellent,excellent,excellent,excellent,pass,exact,2019-01-18,weekday
d10,1084.0,1084.0,0.0,0.0,0.0,100.0,0.0,0.0,0.0,1.0,0.0,1.0,1.0,True,excellent,excellent,excellent,excellent,excellent,excellent,excellent,pass,exact,2019-01-18,weekday
d1,139.0,139.0,0.0,0.0,0.0,100.0,0.0,0.0,0.0,1.0,0.0,1.0,1.0,False,excellent,excellent,excellent,excellent,excellent,excellent,excellent,pass,exact,2019-01-19,weekend
d2,276.0,276.0,0.0,0.0,0.0,100.0,0.0,0.0,0.0,1.0,0.0,1.0,1.0,True,excellent,excellent,excellent,excellent,excellent,excellent,excellent,pass,exact,2019-01-19,weekend
d3,277.0,277.0,0.0,0.0,0.0,100.0,0.0,0.0,0.0,1.0,0.0,1.0,1.0,True,excellent,excellent,excellent,excellent,excellent,excellent,excellent,pass,exact,2019-01-19,weekend
d4,1546.0,1546.0,0.0,0.0,0.0,100.0,0.0,0.0,0.0,1.0,0.0,1.0,1.0,True,excellent,excellent,excellent,excellent,excellent,excellent,excellent,pass,exact,2019-01-19,weekend
d5,2979.0,2979.0,0.0,0.0,0.0,100.0,0.0,0.0,0.0,1.0,0.0,1.0,1.0,True,excellent,excellent,excellent,excellent,excellent,excellent,excellent,pass,exact,2019-01-19,weekend
d6,277.0,277.0,0.0,0.0,0.0,100.0,0.0,0.0,0.0,1.0,0.0,1.0,1.0,True,excellent,excellent,excellent,excellent,excellent,excellent,excellent,pass,exact,2019-01-19,weekend
d7,277.0,277.0,0.0,0.0,0.0,100.0,0.0,0.0,0.0,1.0,0.0,1.0,1.0,True,excellent,excellent,excellent,excellent,excellent,excellent,excellent,pass,exact,2019-01-19,weekend
d8,278.0,278.0,0.0,0.0,0.0,100.0,0.0,0.0,0.0,1.0,0.0,1.0,1.0,True,excellent,excellent,excellent,excellent,excellent,excellent,excellent,pass,exact,2019-01-19,weekend
d9,2271.0,2271.0,0.0,0.0,0.0,100.0,0.0,0.0,0.0,1.0,0.0,1.0,1.0,True,excellent,excellent,excellent,excellent,excellent,excellent,excellent,pass,exact,2019-01-19,weekend
d10,942.0,942.0,0.0,0.0,0.0,100.0,0.0,0.0,0.0,1.0,0.0,1.0,1.0,True,excellent,excellent,excellent,excellent,excellent,excellent,excellent,pass,exact,2019-01-19,weekend
d1,104.0,104.0,0.0,0.0,0.0,100.0,0.0,0.0,0.0,1.0,0.0,1.0,1.0,False,excellent,excellent,excellent,excellent,excellent,excellent,excellent,pass,exact,2019-01-20,weekend
d2,211.0,211.0,0.0,0.0,0.0,100.0,0.0,0.0,0.0,1.0,0.0,1.0,1.0,True,excellent,excellent,excellent,excellent,excellent,excellent,excellent,pass,exact,2019-01-20,weekend
d3,211.0,211.0,0.0,0.0,0.0,100.0,0.0,0.0,0.0,1.0,0.0,1.0,1.0,True,excellent,excellent,excellent,excellent,excellent,excellent,excellent,pass,exact,2019-01-20,weekend
d4,970.0,970.0,0.0,0.0,0.0,100.0,0.0,0.0,0.0,1.0,0.0,1.0,1.0,True,excellent,excellent,excellent,excellent,excellent,excellent,excellent,pass,exact,2019-01-20,weekend
d5,1743.0,1743.0,0.0,0.0,0.0,100.0,0.0,0.0,0.0,1.0,0.0,1.0,1.0,True,excellent,excellent,excellent,excellent,excellent,excellent,excellent,pass,exact,2019-01-20,weekend
d6,215.0,215.0,0.0,0.0,0.0,100.0,0.0,0.0,0.0,1.0,0.0,1.0,1.0,True,excellent,excellent,excellent,excellent,excellent,excellent,excellent,pass,exact,2019-01-20,weekend
d7,215.0,215.0,0.0,0.0,0.0,100.0,0.0,0.0,0.0,1.0,0.0,1.0,1.0,True,excellent,excellent,excellent,excellent,excellent,excellent,excellent,pass,exact,2019-01-20,weekend
d8,211.0,211.0,0.0,0.0,0.0,100.0,0.0,0.0,0.0,1.0,0.0,1.0,1.0,True,excellent,excellent,excellent,excellent,excellent,excellent,excellent,pass,exact,2019-01-20,weekend
d9,1492.0,1492.0,0.0,0.0,0.0,100.0,0.0,0.0,0.0,1.0,0.0,1.0,1.0,True,excellent,excellent,excellent,excellent,excellent,excellent,excellent,pass,exact,2019-01-20,weekend
d10,660.0,660.0,0.0,0.0,0.0,100.0,0.0,0.0,0.0,1.0,0.0,1.0,1.0,True,excellent,excellent,excellent,excellent,excellent,excellent,excellent,pass,exact,2019-01-20,weekend
d1,140.0,140.0,0.0,0.0,0.0,100.0,0.0,0.0,0.0,1.0,0.0,1.0,1.0,False,excellent,excellent,excellent,excellent,excellent,excellent,excellent,pass,exact,2019-01-21,weekday
d2,285.0,285.0,0.0,0.0,0.0,100.0,0.0,0.0,0.0,1.0,0.0,1.0,1.0,True,excellent,excellent,excellent,excellent,excellent,excellent,excellent,pass,exact,2019-01-21,weekday
d3,286.0,286.0,0.0,0.0,0.0,100.0,0.0,0.0,0.0,1.0,0.0,1.0,1.0,True,excellent,excellent,excellent,excellent,excellent,excellent,excellent,pass,exact,2019-01-21,weekday
d4,1148.0,1148.0,0.0,0.0,0.0,100.0,0.0,0.0,0.0,1.0,0.0,1.0,1.0,True,excellent,excellent,excellent,excellent,excellent,excellent,excellent,pass,exact,2019-01-21,weekday
d5,3309.0,3309.0,0.0,0.0,0.0,100.0,0.0,0.0,0.0,1.0,0.0,1.0,1.0,True,excellent,excellent,excellent,excellent,excellent,excellent,excellent,pass,exact,2019-01-21,weekday
d6,287.0,287.0,0.0,0.0,0.0,100.0,0.0,0.0,0.0,1.0,0.0,1.0,1.0,True,excellent,excellent,excellent,excellent,excellent,excellent,excellent,pass,exact,2019-01-21,weekday
d7,283.0,283.0,0.0,0.0,0.0,100.0,0.0,0.0,0.0,1.0,0.0,1.0,1.0,True,excellent,excellent,excellent,excellent,excellent,excellent,excellent,pass,exact,2019-01-21,weekday
d8,289.0,289.0,0.0,0.0,0.0,100.0,0.0,0.0,0.0,1.0,0.0,1.0,1.0,True,excellent,excellent,excellent,excellent,excellent,excellent,excellent,pass,exact,2019-01-21,weekday
d9,2195.0,2195.0,0.0,0.0,0.0,100.0,0.0,0.0,0.0,1.0,0.0,1.0,1.0,True,excellent,excellent,excellent,excellent,excellent,excellent,excellent,pass,exact,2019-01-21,weekday
d10,952.0,952.0,0.0,0.0,0.0,100.0,0.0,0.0,0.0,1.0,0.0,1.0,1.0,True,excellent,excellent,excellent,excellent,excellent,excellent,excellent,pass,exact,2019-01-21,weekday
d1,140.0,140.0,0.0,0.0,0.0,100.0,0.0,0.0,0.0,1.0,0.0,1.0,1.0,False,excellent,excellent,excellent,excellent,excellent,excellent,excellent,pass,exact,2019-01-22,weekday
d2,283.0,283.0,0.0,0.0,0.0,100.0,0.0,0.0,0.0,1.0,0.0,1.0,1.0,True,excellent,excellent,excellent,excellent,excellent,excellent,excellent,pass,exact,2019-01-22,weekday
d3,284.0,284.0,0.0,0.0,0.0,100.0,0.0,0.0,0.0,1.0,0.0,1.0,1.0,True,excellent,excellent,excellent,excellent,excellent,excellent,excellent,pass,exact,2019-01-22,weekday
d4,1248.0,1248.0,0.0,0.0,0.0,100.0,0.0,0.0,0.0,1.0,0.0,1.0,1.0,True,excellent,excellent,excellent,excellent,excellent,excellent,excellent,pass,exact,2019-01-22,weekday
d5,3587.0,3587.0,0.0,0.0,0.0,100.0,0.0,0.0,0.0,1.0,0.0,1.0,1.0,True,excellent,excellent,excellent,excellent,excellent,excellent,excellent,pass,exact,2019-01-22,weekday
d6,291.0,291.0,0.0,0.0,0.0,100.0,0.0,0.0,0.0,1.0,0.0,1.0,1.0,True,excellent,excellent,excellent,excellent,excellent,excellent,excellent,pass,exact,2019-01-22,weekday
d7,287.0,287.0,0.0,0.0,0.0,100.0,0.0,0.0,0.0,1.0,0.0,1.0,1.0,True,excellent,excellent,excellent,excellent,excellent,excellent,excellent,pass,exact,2019-01-22,weekday
d8,285.0,285.0,0.0,0.0,0.0,100.0,0.0,0.0,0.0,1.0,0.0,1.0,1.0,True,excellent,excellent,excellent,excellent,excellent,excellent,excellent,pass,exact,2019-01-22,weekday
d9,2552.0,2552.0,0.0,0.0,0.0,100.0,0.0,0.0,0.0,1.0,0.0,1.0,1.0,True,excellent,excellent,excellent,excellent,excellent,excellent,excellent,pass,exact,2019-01-22,weekday
d10,1012.0,1012.0,0.0,0.0,0.0,100.0,0.0,0.0,0.0,1.0,0.0,1.0,1.0,True,excellent,excellent,excellent,excellent,excellent,excellent,excellent,pass,exact,2019-01-22,weekday
d1,141.0,141.0,0.0,0.0,0.0,100.0,0.0,0.0,0.0,1.0,0.0,1.0,1.0,False,excellent,excellent,excellent,excellent,excellent,excellent,excellent,pass,exact,2019-01-23,weekday
d2,285.0,285.0,0.0,0.0,0.0,100.0,0.0,0.0,0.0,1.0,0.0,1.0,1.0,True,excellent,excellent,excellent,excellent,excellent,excellent,excellent,pass,exact,2019-01-23,weekday
d3,286.0,286.0,0.0,0.0,0.0,100.0,0.0,0.0,0.0,1.0,0.0,1.0,1.0,True,excellent,excellent,excellent,excellent,excellent,excellent,excellent,pass,exact,2019-01-23,weekday
d4,1278.0,1278.0,0.0,0.0,0.0,100.0,0.0,0.0,0.0,1.0,0.0,1.0,1.0,True,excellent,excellent,excellent,excellent,excellent,excellent,excellent,pass,exact,2019-01-23,weekday
d5,3538.0,3538.0,0.0,0.0,0.0,100.0,0.0,0.0,0.0,1.0,0.0,1.0,1.0,True,excellent,excellent,excellent,excellent,excellent,excellent,excellent,pass,exact,2019-01-23,weekday
d6,306.0,306.0,0.0,0.0,0.0,100.0,0.0,0.0,0.0,1.0,0.0,1.0,1.0,True,excellent,excellent,excellent,excellent,excellent,excellent,excellent,pass,exact,2019-01-23,weekday
d7,302.0,302.0,0.0,0.0,0.0,100.0,0.0,0.0,0.0,1.0,0.0,1.0,1.0,True,excellent,excellent,excellent,excellent,excellent,excellent,excellent,pass,exact,2019-01-23,weekday
d8,289.0,289.0,0.0,0.0,0.0,100.0,0.0,0.0,0.0,1.0,0.0,1.0,1.0,True,excellent,excellent,excellent,excellent,excellent,excellent,excellent,pass,exact,2019-01-23,weekday
d9,2380.0,2380.0,0.0,0.0,0.0,100.0,0.0,0.0,0.0,1.0,0.0,1.0,1.0,True,excellent,excellent,excellent,excellent,excellent,excellent,excellent,pass,exact,2019-01-23,weekday
d10,1032.0,1032.0,0.0,0.0,0.0,100.0,0.0,0.0,0.0,1.0,0.0,1.0,1.0,True,excellent,excellent,excellent,excellent,excellent,excellent,excellent,pass,exact,2019-01-23,weekday
d1,139.0,139.0,0.0,0.0,0.0,100.0,0.0,0.0,0.0,1.0,0.0,1.0,1.0,False,excellent,excellent,excellent,excellent,excellent,excellent,excellent,pass,exact,2019-01-24,weekday
d2,284.0,284.0,0.0,0.0,0.0,100.0,0.0,0.0,0.0,1.0,0.0,1.0,1.0,True,excellent,excellent,excellent,excellent,excellent,excellent,excellent,pass,exact,2019-01-24,weekday
d3,284.0,284.0,0.0,0.0,0.0,100.0,0.0,0.0,0.0,1.0,0.0,1.0,1.0,True,excellent,excellent,excellent,excellent,excellent,excellent,excellent,pass,exact,2019-01-24,weekday
d4,1291.0,1291.0,0.0,0.0,0.0,100.0,0.0,0.0,0.0,1.0,0.0,1.0,1.0,True,excellent,excellent,excellent,excellent,excellent,excellent,excellent,pass,exact,2019-01-24,weekday
d5,3711.0,3711.0,0.0,0.0,0.0,100.0,0.0,0.0,0.0,1.0,0.0,1.0,1.0,True,excellent,excellent,excellent,excellent,excellent,excellent,excellent,pass,exact,2019-01-24,weekday
d6,288.0,288.0,0.0,0.0,0.0,100.0,0.0,0.0,0.0,1.0,0.0,1.0,1.0,True,excellent,excellent,excellent,excellent,excellent,excellent,excellent,pass,exact,2019-01-24,weekday
d7,286.0,286.0,0.0,0.0,0.0,100.0,0.0,0.0,0.0,1.0,0.0,1.0,1.0,True,excellent,excellent,excellent,excellent,excellent,excellent,excellent,pass,exact,2019-01-24,weekday
d8,285.0,285.0,0.0,0.0,0.0,100.0,0.0,0.0,0.0,1.0,0.0,1.0,1.0,True,excellent,excellent,excellent,excellent,excellent,excellent,excellent,pass,exact,2019-01-24,weekday
d9,2591.0,2591.0,0.0,0.0,0.0,100.0,0.0,0.0,0.0,1.0,0.0,1.0,1.0,True,excellent,excellent,excellent,excellent,excellent,excellent,excellent,pass,exact,2019-01-24,weekday
d10,1051.0,1051.0,0.0,0.0,0.0,100.0,0.0,0.0,0.0,1.0,0.0,1.0,1.0,True,excellent,excellent,excellent,excellent,excellent,excellent,excellent,pass,exact,2019-01-24,weekday
d1,145.0,145.0,0.0,0.0,0.0,100.0,0.0,0.0,0.0,1.0,0.0,1.0,1.0,False,excellent,excellent,excellent,excellent,excellent,excellent,excellent,pass,exact,2019-01-25,weekday
d2,292.0,292.0,0.0,0.0,0.0,100.0,0.0,0.0,0.0,1.0,0.0,1.0,1.0,True,excellent,excellent,excellent,excellent,excellent,excellent,excellent,pass,exact,2019-01-25,weekday
d3,293.0,293.0,0.0,0.0,0.0,100.0,0.0,0.0,0.0,1.0,0.0,1.0,1.0,True,excellent,excellent,excellent,excellent,excellent,excellent,excellent,pass,exact,2019-01-25,weekday
d4,1556.0,1556.0,0.0,0.0,0.0,100.0,0.0,0.0,0.0,1.0,0.0,1.0,1.0,True,excellent,excellent,excellent,excellent,excellent,excellent,excellent,pass,exact,2019-01-25,weekday
d5,4095.0,4095.0,0.0,0.0,0.0,100.0,0.0,0.0,0.0,1.0,0.0,1.0,1.0,True,excellent,excellent,excellent,excellent,excellent,excellent,excellent,pass,exact,2019-01-25,weekday
d6,293.0,293.0,0.0,0.0,0.0,100.0,0.0,0.0,0.0,1.0,0.0,1.0,1.0,True,excellent,excellent,excellent,excellent,excellent,excellent,excellent,pass,exact,2019-01-25,weekday
d7,293.0,293.0,0.0,0.0,0.0,100.0,0.0,0.0,0.0,1.0,0.0,1.0,1.0,True,excellent,excellent,excellent,excellent,excellent,excellent,excellent,pass,exact,2019-01-25,weekday
d8,295.0,295.0,0.0,0.0,0.0,100.0,0.0,0.0,0.0,1.0,0.0,1.0,1.0,True,excellent,excellent,excellent,excellent,excellent,excellent,excellent,pass,exact,2019-01-25,weekday
d9,2853.0,2853.0,0.0,0.0,0.0,100.0,0.0,0.0,0.0,1.0,0.0,1.0,1.0,True,excellent,excellent,excellent,excellent,excellent,excellent,excellent,pass,exact,2019-01-25,weekday
d10,1185.0,1185.0,0.0,0.0,0.0,100.0,0.0,0.0,0.0,1.0,0.0,1.0,1.0,True,excellent,excellent,excellent,excellent,excellent,excellent,excellent,pass,exact,2019-01-25,weekday
d1,132.0,132.0,0.0,0.0,0.0,100.0,0.0,0.0,0.0,1.0,0.0,1.0,1.0,False,excellent,excellent,excellent,excellent,excellent,excellent,excellent,pass,exact,2019-01-26,weekend
d2,267.0,267.0,0.0,0.0,0.0,100.0,0.0,0.0,0.0,1.0,0.0,1.0,1.0,True,excellent,excellent,excellent,excellent,excellent,excellent,excellent,pass,exact,2019-01-26,weekend
d3,267.0,267.0,0.0,0.0,0.0,100.0,0.0,0.0,0.0,1.0,0.0,1.0,1.0,True,excellent,excellent,excellent,excellent,excellent,excellent,excellent,pass,exact,2019-01-26,weekend
d4,2113.0,2113.0,0.0,0.0,0.0,100.0,0.0,0.0,0.0,1.0,0.0,1.0,1.0,True,excellent,excellent,excellent,excellent,excellent,excellent,excellent,pass,exact,2019-01-26,weekend
d5,2884.0,2884.0,0.0,0.0,0.0,100.0,0.0,0.0,0.0,1.0,0.0,1.0,1.0,True,excellent,excellent,excellent,excellent,excellent,excellent,excellent,pass,exact,2019-01-26,weekend
d6,275.0,275.0,0.0,0.0,0.0,100.0,0.0,0.0,0.0,1.0,0.0,1.0,1.0,True,excellent,excellent,excellent,excellent,excellent,excellent,excellent,pass,exact,2019-01-26,weekend
d7,274.0,274.0,0.0,0.0,0.0,100.0,0.0,0.0,0.0,1.0,0.0,1.0,1.0,True,excellent,excellent,excellent,excellent,excellent,excellent,excellent,pass,exact,2019-01-26,weekend
d8,269.0,269.0,0.0,0.0,0.0,100.0,0.0,0.0,0.0,1.0,0.0,1.0,1.0,True,excellent,excellent,excellent,excellent,excellent,excellent,excellent,pass,exact,2019-01-26,weekend
d9,2651.0,2651.0,0.0,0.0,0.0,100.0,0.0,0.0,0.0,1.0,0.0,1.0,1.0,True,excellent,excellent,excellent,excellent,excellent,excellent,excellent,pass,exact,2019-01-26,weekend
d10,1087.0,1087.0,0.0,0.0,0.0,100.0,0.0,0.0,0.0,1.0,0.0,1.0,1.0,True,excellent,excellent,excellent,excellent,excellent,excellent,excellent,pass,exact,2019-01-26,weekend
d1,104.0,104.0,0.0,0.0,0.0,100.0,0.0,0.0,0.0,1.0,0.0,1.0,1.0,False,excellent,excellent,excellent,excellent,excellent,excellent,excellent,pass,exact,2019-01-27,weekend
d2,211.0,211.0,0.0,0.0,0.0,100.0,0.0,0.0,0.0,1.0,0.0,1.0,1.0,True,excellent,excellent,excellent,excellent,excellent,excellent,excellent,pass,exact,2019-01-27,weekend
d3,211.0,211.0,0.0,0.0,0.0,100.0,0.0,0.0,0.0,1.0,0.0,1.0,1.0,True,excellent,excellent,excellent,excellent,excellent,excellent,excellent,pass,exact,2019-01-27,weekend
d4,1238.0,1238.0,0.0,0.0,0.0,100.0,0.0,0.0,0.0,1.0,0.0,1.0,1.0,True,excellent,excellent,excellent,excellent,excellent,excellent,excellent,pass,exact,2019-01-27,weekend
d5,1771.0,1771.0,0.0,0.0,0.0,100.0,0.0,0.0,0.0,1.0,0.0,1.0,1.0,True,excellent,excellent,excellent,excellent,excellent,excellent,excellent,pass,exact,2019-01-27,weekend
d6,222.0,222.0,0.0,0.0,0.0,100.0,0.0,0.0,0.0,1.0,0.0,1.0,1.0,True,excellent,excellent,excellent,excellent,excellent,excellent,excellent,pass,exact,2019-01-27,weekend
d7,220.0,220.0,0.0,0.0,0.0,100.0,0.0,0.0,0.0,1.0,0.0,1.0,1.0,True,excellent,excellent,excellent,excellent,excellent,excellent,excellent,pass,exact,2019-01-27,weekend
d8,211.0,211.0,0.0,0.0,0.0,100.0,0.0,0.0,0.0,1.0,0.0,1.0,1.0,True,excellent,excellent,excellent,excellent,excellent,excellent,excellent,pass,exact,2019-01-27,weekend
d9,1625.0,1625.0,0.0,0.0,0.0,100.0,0.0,0.0,0.0,1.0,0.0,1.0,1.0,True,excellent,excellent,excellent,excellent,excellent,excellent,excellent,pass,exact,2019-01-27,weekend
d10,721.0,721.0,0.0,0.0,0.0,100.0,0.0,0.0,0.0,1.0,0.0,1.0,1.0,True,excellent,excellent,excellent,excellent,excellent,excellent,excellent,pass,exact,2019-01-27,weekend
d1,139.0,139.0,0.0,0.0,0.0,100.0,0.0,0.0,0.0,1.0,0.0,1.0,1.0,False,excellent,excellent,excellent,excellent,excellent,excellent,excellent,pass,exact,2019-01-28,weekday
d2,281.0,281.0,0.0,0.0,0.0,100.0,0.0,0.0,0.0,1.0,0.0,1.0,1.0,True,excellent,excellent,excellent,excellent,excellent,excellent,excellent,pass,exact,2019-01-28,weekday
d3,282.0,282.0,0.0,0.0,0.0,100.0,0.0,0.0,0.0,1.0,0.0,1.0,1.0,True,excellent,excellent,excellent,excellent,excellent,excellent,excellent,pass,exact,2019-01-28,weekday
d4,1114.0,1114.0,0.0,0.0,0.0,100.0,0.0,0.0,0.0,1.0,0.0,1.0,1.0,True,excellent,excellent,excellent,excellent,excellent,excellent,excellent,pass,exact,2019-01-28,weekday
d5,3108.0,3108.0,0.0,0.0,0.0,100.0,0.0,0.0,0.0,1.0,0.0,1.0,1.0,True,excellent,excellent,excellent,excellent,excellent,excellent,excellent,pass,exact,2019-01-28,weekday
d6,290.0,290.0,0.0,0.0,0.0,100.0,0.0,0.0,0.0,1.0,0.0,1.0,1.0,True,excellent,excellent,excellent,excellent,excellent,excellent,excellent,pass,exact,2019-01-28,weekday
d7,290.0,290.0,0.0,0.0,0.0,100.0,0.0,0.0,0.0,1.0,0.0,1.0,1.0,True,excellent,excellent,excellent,excellent,excellent,excellent,excellent,pass,exact,2019-01-28,weekday
d8,281.0,281.0,0.0,0.0,0.0,100.0,0.0,0.0,0.0,1.0,0.0,1.0,1.0,True,excellent,excellent,excellent,excellent,excellent,excellent,excellent,pass,exact,2019-01-28,weekday
d9,2256.0,2256.0,0.0,0.0,0.0,100.0,0.0,0.0,0.0,1.0,0.0,1.0,1.0,True,excellent,excellent,excellent,excellent,excellent,excellent,excellent,pass,exact,2019-01-28,weekday
d10,927.0,927.0,0.0,0.0,0.0,100.0,0.0,0.0,0.0,1.0,0.0,1.0,1.0,True,excellent,excellent,excellent,excellent,excellent,excellent,excellent,pass,exact,2019-01-28,weekday
d1,139.0,139.0,0.0,0.0,0.0,100.0,0.0,0.0,0.0,1.0,0.0,1.0,1.0,False,excellent,excellent,excellent,excellent,excellent,excellent,excellent,pass,exact,2019-01-29,weekday
d2,285.0,285.0,0.0,0.0,0.0,100.0,0.0,0.0,0.0,1.0,0.0,1.0,1.0,True,excellent,excellent,excellent,excellent,excellent,excellent,excellent,pass,exact,2019-01-29,weekday
d3,286.0,286.0,0.0,0.0,0.0,100.0,0.0,0.0,0.0,1.0,0.0,1.0,1.0,True,excellent,excellent,excellent,excellent,excellent,excellent,excellent,pass,exact,2019-01-29,weekday
d4,1236.0,1236.0,0.0,0.0,0.0,100.0,0.0,0.0,0.0,1.0,0.0,1.0,1.0,True,excellent,excellent,excellent,excellent,excellent,excellent,excellent,pass,exact,2019-01-29,weekday
d5,3574.0,3574.0,0.0,0.0,0.0,100.0,0.0,0.0,0.0,1.0,0.0,1.0,1.0,True,excellent,excellent,excellent,excellent,excellent,excellent,excellent,pass,exact,2019-01-29,weekday
d6,297.0,297.0,0.0,0.0,0.0,100.0,0.0,0.0,0.0,1.0,0.0,1.0,1.0,True,excellent,excellent,excellent,excellent,excellent,excellent,excellent,pass,exact,2019-01-29,weekday
d7,290.0,290.0,0.0,0.0,0.0,100.0,0.0,0.0,0.0,1.0,0.0,1.0,1.0,True,excellent,excellent,excellent,excellent,excellent,excellent,excellent,pass,exact,2019-01-29,weekday
d8,286.0,286.0,0.0,0.0,0.0,100.0,0.0,0.0,0.0,1.0,0.0,1.0,1.0,True,excellent,excellent,excellent,excellent,excellent,excellent,excellent,pass,exact,2019-01-29,weekday
d9,2406.0,2406.0,0.0,0.0,0.0,100.0,0.0,0.0,0.0,1.0,0.0,1.0,1.0,True,excellent,excellent,excellent,excellent,excellent,excellent,excellent,pass,exact,2019-01-29,weekday
d10,1035.0,1035.0,0.0,0.0,0.0,100.0,0.0,0.0,0.0,1.0,0.0,1.0,1.0,True,excellent,excellent,excellent,excellent,excellent,excellent,excellent,pass,exact,2019-01-29,weekday
d1,143.0,143.0,0.0,0.0,0.0,100.0,0.0,0.0,0.0,1.0,0.0,1.0,1.0,False,excellent,excellent,excellent,excellent,excellent,excellent,excellent,pass,exact,2019-01-30,weekday
d2,288.0,288.0,0.0,0.0,0.0,100.0,0.0,0.0,0.0,1.0,0.0,1.0,1.0,True,excellent,excellent,excellent,excellent,excellent,excellent,excellent,pass,exact,2019-01-30,weekday
d3,290.0,290.0,0.0,0.0,0.0,100.0,0.0,0.0,0.0,1.0,0.0,1.0,1.0,True,excellent,excellent,excellent,excellent,excellent,excellent,excellent,pass,exact,2019-01-30,weekday
d4,1402.0,1402.0,0.0,0.0,0.0,100.0,0.0,0.0,0.0,1.0,0.0,1.0,1.0,True,excellent,excellent,excellent,excellent,excellent,excellent,excellent,pass,exact,2019-01-30,weekday
d5,3592.0,3592.0,0.0,0.0,0.0,100.0,0.0,0.0,0.0,1.0,0.0,1.0,1.0,True,excellent,excellent,excellent,excellent,excellent,excellent,excellent,pass,exact,2019-01-30,weekday
d6,288.0,288.0,0.0,0.0,0.0,100.0,0.0,0.0,0.0,1.0,0.0,1.0,1.0,True,excellent,excellent,excellent,excellent,excellent,excellent,excellent,pass,exact,2019-01-30,weekday
d7,289.0,289.0,0.0,0.0,0.0,100.0,0.0,0.0,0.0,1.0,0.0,1.0,1.0,True,excellent,excellent,excellent,excellent,excellent,excellent,excellent,pass,exact,2019-01-30,weekday
d8,290.0,290.0,0.0,0.0,0.0,100.0,0.0,0.0,0.0,1.0,0.0,1.0,1.0,True,excellent,excellent,excellent,excellent,excellent,excellent,excellent,pass,exact,2019-01-30,weekday
d9,2624.0,2624.0,0.0,0.0,0.0,100.0,0.0,0.0,0.0,1.0,0.0,1.0,1.0,True,excellent,excellent,excellent,excellent,excellent,excellent,excellent,pass,exact,2019-01-30,weekday
d10,1073.0,1073.0,0.0,0.0,0.0,100.0,0.0,0.0,0.0,1.0,0.0,1.0,1.0,True,excellent,excellent,excellent,excellent,excellent,excellent,excellent,pass,exact,2019-01-30,weekday
d1,139.0,139.0,0.0,0.0,0.0,100.0,0.0,0.0,0.0,1.0,0.0,1.0,1.0,False,excellent,excellent,excellent,excellent,excellent,excellent,excellent,pass,exact,2019-01-31,weekday
d2,285.0,285.0,0.0,0.0,0.0,100.0,0.0,0.0,0.0,1.0,0.0,1.0,1.0,True,excellent,excellent,excellent,excellent,excellent,excellent,excellent,pass,exact,2019-01-31,weekday
d3,286.0,286.0,0.0,0.0,0.0,100.0,0.0,0.0,0.0,1.0,0.0,1.0,1.0,True,excellent,excellent,excellent,excellent,excellent,excellent,excellent,pass,exact,2019-01-31,weekday
d4,1371.0,1371.0,0.0,0.0,0.0,100.0,0.0,0.0,0.0,1.0,0.0,1.0,1.0,True,excellent,excellent,excellent,excellent,excellent,excellent,excellent,pass,exact,2019-01-31,weekday
d5,3708.0,3708.0,0.0,0.0,0.0,100.0,0.0,0.0,0.0,1.0,0.0,1.0,1.0,True,excellent,excellent,excellent,excellent,excellent,excellent,excellent,pass,exact,2019-01-31,weekday
d6,287.0,287.0,0.0,0.0,0.0,100.0,0.0,0.0,0.0,1.0,0.0,1.0,1.0,True,excellent,excellent,excellent,excellent,excellent,excellent,excellent,pass,exact,2019-01-31,weekday
d7,286.0,286.0,0.0,0.0,0.0,100.0,0.0,0.0,0.0,1.0,0.0,1.0,1.0,True,excellent,excellent,excellent,excellent,excellent,excellent,excellent,pass,exact,2019-01-31,weekday
d8,286.0,286.0,0.0,0.0,0.0,100.0,0.0,0.0,0.0,1.0,0.0,1.0,1.0,True,excellent,excellent,excellent,excellent,excellent,excellent,excellent,pass,exact,2019-01-31,weekday
d9,2724.0,2724.0,0.0,0.0,0.0,100.0,0.0,0.0,0.0,1.0,0.0,1.0,1.0,True,excellent,excellent,excellent,excellent,excellent,excellent,excellent,pass,exact,2019-01-31,weekday
d10,1097.0,1097.0,0.0,0.0,0.0,100.0,0.0,0.0,0.0,1.0,0.0,1.0,1.0,True,excellent,excellent,excellent,excellent,excellent,excellent,excellent,pass,exact,2019-01-31,weekday
d1,145.0,145.0,0.0,0.0,0.0,100.0,0.0,0.0,0.0,1.0,0.0,1.0,1.0,False,excellent,excellent,excellent,excellent,excellent,excellent,excellent,pass,exact,2019-02-01,weekday
d2,291.0,291.0,0.0,0.0,0.0,100.0,0.0,0.0,0.0,1.0,0.0,1.0,1.0,True,excellent,excellent,excellent,excellent,excellent,excellent,excellent,pass,exact,2019-02-01,weekday
d3,291.0,291.0,0.0,0.0,0.0,100.0,0.0,0.0,0.0,1.0,0.0,1.0,1.0,True,excellent,excellent,excellent,excellent,excellent,excellent,excellent,pass,exact,2019-02-01,weekday
d4,1509.0,1509.0,0.0,0.0,0.0,100.0,0.0,0.0,0.0,1.0,0.0,1.0,1.0,True,excellent,excellent,excellent,excellent,excellent,excellent,excellent,pass,exact,2019-02-01,weekday
d5,3972.0,3972.0,0.0,0.0,0.0,100.0,0.0,0.0,0.0,1.0,0.0,1.0,1.0,True,excellent,excellent,excellent,excellent,excellent,excellent,excellent,pass,exact,2019-02-01,weekday
d6,298.0,298.0,0.0,0.0,0.0,100.0,0.0,0.0,0.0,1.0,0.0,1.0,1.0,True,excellent,excellent,excellent,excellent,excellent,excellent,excellent,pass,exact,2019-02-01,weekday
d7,297.0,298.0,0.0579771035652448,0.0,0.0,100.0,1.6494880422782343,0.3367003367003366,0.8333333333333334,0.9989996248593224,0.3367003367003367,0.9997483643683944,1.0,True,excellent,excellent,excellent,excellent,excellent,excellent,excellent,pass,exact,2019-02-01,weekday
d8,291.0,291.0,0.0,0.0,0.0,100.0,0.0,0.0,0.0,1.0,0.0,1.0,1.0,True,excellent,excellent,excellent,excellent,excellent,excellent,excellent,pass,exact,2019-02-01,weekday
d9,2809.0,2809.0,0.0,0.0,0.0,100.0,0.0,0.0,0.0,1.0,0.0,1.0,1.0,True,excellent,excellent,excellent,excellent,excellent,excellent,excellent,pass,exact,2019-02-01,weekday
d10,1136.0,1136.0,0.0,0.0,0.0,100.0,0.0,0.0,0.0,1.0,0.0,1.0,1.0,True,excellent,excellent,excellent,excellent,excellent,excellent,excellent,pass,exact,2019-02-01,weekday
d1,120.0,120.0,0.0,0.0,0.0,100.0,0.0,0.0,0.0,1.0,0.0,1.0,1.0,False,excellent,excellent,excellent,excellent,excellent,excellent,excellent,pass,exact,2019-02-02,weekend
d2,245.0,245.0,0.0,0.0,0.0,100.0,0.0,0.0,0.0,1.0,0.0,1.0,1.0,True,excellent,excellent,excellent,excellent,excellent,excellent,excellent,pass,exact,2019-02-02,weekend
d3,245.0,245.0,0.0,0.0,0.0,100.0,0.0,0.0,0.0,1.0,0.0,1.0,1.0,True,excellent,excellent,excellent,excellent,excellent,excellent,excellent,pass,exact,2019-02-02,weekend
d4,1852.0,1852.0,0.0,0.0,0.0,100.0,0.0,0.0,0.0,1.0,0.0,1.0,1.0,True,excellent,excellent,excellent,excellent,excellent,excellent,excellent,pass,exact,2019-02-02,weekend
d5,2771.0,2771.0,0.0,0.0,0.0,100.0,0.0,0.0,0.0,1.0,0.0,1.0,1.0,True,excellent,excellent,excellent,excellent,excellent,excellent,excellent,pass,exact,2019-02-02,weekend
d6,246.0,246.0,0.0,0.0,0.0,100.0,0.0,0.0,0.0,1.0,0.0,1.0,1.0,True,excellent,excellent,excellent,excellent,excellent,excellent,excellent,pass,exact,2019-02-02,weekend
d7,244.0,244.0,0.0,0.0,0.0,100.0,0.0,0.0,0.0,1.0,0.0,1.0,1.0,True,excellent,excellent,excellent,excellent,excellent,excellent,excellent,pass,exact,2019-02-02,weekend
d8,247.0,247.0,0.0,0.0,0.0,100.0,0.0,0.0,0.0,1.0,0.0,1.0,1.0,True,excellent,excellent,excellent,excellent,excellent,excellent,excellent,pass,exact,2019-02-02,weekend
d9,2461.0,2461.0,0.0,0.0,0.0,100.0,0.0,0.0,0.0,1.0,0.0,1.0,1.0,True,excellent,excellent,excellent,excellent,excellent,excellent,excellent,pass,exact,2019-02-02,weekend
d10,953.0,953.0,0.0,0.0,0.0,100.0,0.0,0.0,0.0,1.0,0.0,1.0,1.0,True,excellent,excellent,excellent,excellent,excellent,excellent,excellent,pass,exact,2019-02-02,weekend
d1,101.0,101.0,0.0,0.0,0.0,100.0,0.0,0.0,0.0,1.0,0.0,1.0,1.0,False,excellent,excellent,excellent,excellent,excellent,excellent,excellent,pass,exact,2019-02-03,weekend
d2,207.0,207.0,0.0,0.0,0.0,100.0,0.0,0.0,0.0,1.0,0.0,1.0,1.0,True,excellent,excellent,excellent,excellent,excellent,excellent,excellent,pass,exact,2019-02-03,weekend
d3,207.0,207.0,0.0,0.0,0.0,100.0,0.0,0.0,0.0,1.0,0.0,1.0,1.0,True,excellent,excellent,excellent,excellent,excellent,excellent,excellent,pass,exact,2019-02-03,weekend
d4,1018.0,1018.0,0.0,0.0,0.0,100.0,0.0,0.0,0.0,1.0,0.0,1.0,1.0,True,excellent,excellent,excellent,excellent,excellent,excellent,excellent,pass,exact,2019-02-03,weekend
d5,1616.0,1616.0,0.0,0.0,0.0,100.0,0.0,0.0,0.0,1.0,0.0,1.0,1.0,True,excellent,excellent,excellent,excellent,excellent,excellent,excellent,pass,exact,2019-02-03,weekend
d6,207.0,207.0,0.0,0.0,0.0,100.0,0.0,0.0,0.0,1.0,0.0,1.0,1.0,True,excellent,excellent,excellent,excellent,excellent,excellent,excellent,pass,exact,2019-02-03,weekend
d7,208.0,208.0,0.0,0.0,0.0,100.0,0.0,0.0,0.0,1.0,0.0,1.0,1.0,True,excellent,excellent,excellent,excellent,excellent,excellent,excellent,pass,exact,2019-02-03,weekend
d8,210.0,210.0,0.0,0.0,0.0,100.0,0.0,0.0,0.0,1.0,0.0,1.0,1.0,True,excellent,excellent,excellent,excellent,excellent,excellent,excellent,pass,exact,2019-02-03,weekend
d9,1431.0,1431.0,0.0,0.0,0.0,100.0,0.0,0.0,0.0,1.0,0.0,1.0,1.0,True,excellent,excellent,excellent,excellent,excellent,excellent,excellent,pass,exact,2019-02-03,weekend
d10,700.0,700.0,0.0,0.0,0.0,100.0,0.0,0.0,0.0,1.0,0.0,1.0,1.0,True,excellent,excellent,excellent,excellent,excellent,excellent,excellent,pass,exact,2019-02-03,weekend
d1,139.0,139.0,0.0,0.0,0.0,100.0,0.0,0.0,0.0,1.0,0.0,1.0,1.0,False,excellent,excellent,excellent,excellent,excellent,excellent,excellent,pass,exact,2019-02-04,weekday
d2,284.0,284.0,0.0,0.0,0.0,100.0,0.0,0.0,0.0,1.0,0.0,1.0,1.0,True,excellent,excellent,excellent,excellent,excellent,excellent,excellent,pass,exact,2019-02-04,weekday
d3,288.0,288.0,0.0,0.0,0.0,100.0,0.0,0.0,0.0,1.0,0.0,1.0,1.0,True,excellent,excellent,excellent,excellent,excellent,excellent,excellent,pass,exact,2019-02-04,weekday
d4,1066.0,1066.0,0.0,0.0,0.0,100.0,0.0,0.0,0.0,1.0,0.0,1.0,1.0,True,excellent,excellent,excellent,excellent,excellent,excellent,excellent,pass,exact,2019-02-04,weekday
d5,3016.0,3016.0,0.0,0.0,0.0,100.0,0.0,0.0,0.0,1.0,0.0,1.0,1.0,True,excellent,excellent,excellent,excellent,excellent,excellent,excellent,pass,exact,2019-02-04,weekday
d6,288.0,288.0,0.0,0.0,0.0,100.0,0.0,0.0,0.0,1.0,0.0,1.0,1.0,True,excellent,excellent,excellent,excellent,excellent,excellent,excellent,pass,exact,2019-02-04,weekday
d7,285.0,285.0,0.0,0.0,0.0,100.0,0.0,0.0,0.0,1.0,0.0,1.0,1.0,True,excellent,excellent,excellent,excellent,excellent,excellent,excellent,pass,exact,2019-02-04,weekday
d8,287.0,287.0,0.0,0.0,0.0,100.0,0.0,0.0,0.0,1.0,0.0,1.0,1.0,True,excellent,excellent,excellent,excellent,excellent,excellent,excellent,pass,exact,2019-02-04,weekday
d9,2137.0,2137.0,0.0,0.0,0.0,100.0,0.0,0.0,0.0,1.0,0.0,1.0,1.0,True,excellent,excellent,excellent,excellent,excellent,excellent,excellent,pass,exact,2019-02-04,weekday
d10,857.0,857.0,0.0,0.0,0.0,100.0,0.0,0.0,0.0,1.0,0.0,1.0,1.0,True,excellent,excellent,excellent,excellent,excellent,excellent,excellent,pass,exact,2019-02-04,weekday
d1,139.0,139.0,0.0,0.0,0.0,100.0,0.0,0.0,0.0,1.0,0.0,1.0,1.0,False,excellent,excellent,excellent,excellent,excellent,excellent,excellent,pass,exact,2019-02-05,weekday
d2,280.0,280.0,0.0,0.0,0.0,100.0,0.0,0.0,0.0,1.0,0.0,1.0,1.0,True,excellent,excellent,excellent,excellent,excellent,excellent,excellent,pass,exact,2019-02-05,weekday
d3,281.0,281.0,0.0,0.0,0.0,100.0,0.0,0.0,0.0,1.0,0.0,1.0,1.0,True,excellent,excellent,excellent,excellent,excellent,excellent,excellent,pass,exact,2019-02-05,weekday
d4,1234.0,1234.0,0.0,0.0,0.0,100.0,0.0,0.0,0.0,1.0,0.0,1.0,1.0,True,excellent,excellent,excellent,excellent,excellent,excellent,excellent,pass,exact,2019-02-05,weekday
d5,3509.0,3509.0,0.0,0.0,0.0,100.0,0.0,0.0,0.0,1.0,0.0,1.0,1.0,True,excellent,excellent,excellent,excellent,excellent,excellent,excellent,pass,exact,2019-02-05,weekday
d6,283.0,283.0,0.0,0.0,0.0,100.0,0.0,0.0,0.0,1.0,0.0,1.0,1.0,True,excellent,excellent,excellent,excellent,excellent,excellent,excellent,pass,exact,2019-02-05,weekday
d7,283.0,283.0,0.0,0.0,0.0,100.0,0.0,0.0,0.0,1.0,0.0,1.0,1.0,True,excellent,excellent,excellent,excellent,excellent,excellent,excellent,pass,exact,2019-02-05,weekday
d8,283.0,283.0,0.0,0.0,0.0,100.0,0.0,0.0,0.0,1.0,0.0,1.0,1.0,True,excellent,excellent,excellent,excellent,excellent,excellent,excellent,pass,exact,2019-02-05,weekday
d9,2535.0,2535.0,0.0,0.0,0.0,100.0,0.0,0.0,0.0,1.0,0.0,1.0,1.0,True,excellent,excellent,excellent,excellent,excellent,excellent,excellent,pass,exact,2019-02-05,weekday
d10,949.0,949.0,0.0,0.0,0.0,100.0,0.0,0.0,0.0,1.0,0.0,1.0,1.0,True,excellent,excellent,excellent,excellent,excellent,excellent,excellent,pass,exact,2019-02-05,weekday
d1,139.0,139.0,0.0,0.0,0.0,100.0,0.0,0.0,0.0,1.0,0.0,1.0,1.0,False,excellent,excellent,excellent,excellent,excellent,excellent,excellent,pass,exact,2019-02-06,weekday
d2,285.0,285.0,0.0,0.0,0.0,100.0,0.0,0.0,0.0,1.0,0.0,1.0,1.0,True,excellent,excellent,excellent,excellent,excellent,excellent,excellent,pass,exact,2019-02-06,weekday
d3,284.0,284.0,0.0,0.0,0.0,100.0,0.0,0.0,0.0,1.0,0.0,1.0,1.0,True,excellent,excellent,excellent,excellent,excellent,excellent,excellent,pass,exact,2019-02-06,weekday
d4,1313.0,1313.0,0.0,0.0,0.0,100.0,0.0,0.0,0.0,1.0,0.0,1.0,1.0,True,excellent,excellent,excellent,excellent,excellent,excellent,excellent,pass,exact,2019-02-06,weekday
d5,3579.0,3579.0,0.0,0.0,0.0,100.0,0.0,0.0,0.0,1.0,0.0,1.0,1.0,True,excellent,excellent,excellent,excellent,excellent,excellent,excellent,pass,exact,2019-02-06,weekday
d6,283.0,283.0,0.0,0.0,0.0,100.0,0.0,0.0,0.0,1.0,0.0,1.0,1.0,True,excellent,excellent,excellent,excellent,excellent,excellent,excellent,pass,exact,2019-02-06,weekday
d7,284.0,284.0,0.0,0.0,0.0,100.0,0.0,0.0,0.0,1.0,0.0,1.0,1.0,True,excellent,excellent,excellent,excellent,excellent,excellent,excellent,pass,exact,2019-02-06,weekday
d8,287.0,287.0,0.0,0.0,0.0,100.0,0.0,0.0,0.0,1.0,0.0,1.0,1.0,True,excellent,excellent,excellent,excellent,excellent,excellent,excellent,pass,exact,2019-02-06,weekday
d9,2553.0,2553.0,0.0,0.0,0.0,100.0,0.0,0.0,0.0,1.0,0.0,1.0,1.0,True,excellent,excellent,excellent,excellent,excellent,excellent,excellent,pass,exact,2019-02-06,weekday
d10,969.0,969.0,0.0,0.0,0.0,100.0,0.0,0.0,0.0,1.0,0.0,1.0,1.0,True,excellent,excellent,excellent,excellent,excellent,excellent,excellent,pass,exact,2019-02-06,weekday
d1,139.0,139.0,0.0,0.0,0.0,100.0,0.0,0.0,0.0,1.0,0.0,1.0,1.0,False,excellent,excellent,excellent,excellent,excellent,excellent,excellent,pass,exact,2019-02-07,weekday
d2,284.0,284.0,0.0,0.0,0.0,100.0,0.0,0.0,0.0,1.0,0.0,1.0,1.0,True,excellent,excellent,excellent,excellent,excellent,excellent,excellent,pass,exact,2019-02-07,weekday
d3,284.0,284.0,0.0,0.0,0.0,100.0,0.0,0.0,0.0,1.0,0.0,1.0,1.0,True,excellent,excellent,excellent,excellent,excellent,excellent,excellent,pass,exact,2019-02-07,weekday
d4,1346.0,1346.0,0.0,0.0,0.0,100.0,0.0,0.0,0.0,1.0,0.0,1.0,1.0,True,excellent,excellent,excellent,excellent,excellent,excellent,excellent,pass,exact,2019-02-07,weekday
d5,3680.0,3680.0,0.0,0.0,0.0,100.0,0.0,0.0,0.0,1.0,0.0,1.0,1.0,True,excellent,excellent,excellent,excellent,excellent,excellent,excellent,pass,exact,2019-02-07,weekday
d6,286.0,286.0,0.0,0.0,0.0,100.0,0.0,0.0,0.0,1.0,0.0,1.0,1.0,True,excellent,excellent,excellent,excellent,excellent,excellent,excellent,pass,exact,2019-02-07,weekday
d7,284.0,284.0,0.0,0.0,0.0,100.0,0.0,0.0,0.0,1.0,0.0,1.0,1.0,True,excellent,excellent,excellent,excellent,excellent,excellent,excellent,pass,exact,2019-02-07,weekday
d8,285.0,285.0,0.0,0.0,0.0,100.0,0.0,0.0,0.0,1.0,0.0,1.0,1.0,True,excellent,excellent,excellent,excellent,excellent,excellent,excellent,pass,exact,2019-02-07,weekday
d9,2551.0,2551.0,0.0,0.0,0.0,100.0,0.0,0.0,0.0,1.0,0.0,1.0,1.0,True,excellent,excellent,excellent,excellent,excellent,excellent,excellent,pass,exact,2019-02-07,weekday
d10,1115.0,1115.0,0.0,0.0,0.0,100.0,0.0,0.0,0.0,1.0,0.0,1.0,1.0,True,excellent,excellent,excellent,excellent,excellent,excellent,excellent,pass,exact,2019-02-07,weekday
d1,142.0,142.0,0.0,0.0,0.0,100.0,0.0,0.0,0.0,1.0,0.0,1.0,1.0,False,excellent,excellent,excellent,excellent,excellent,excellent,excellent,pass,exact,2019-02-08,weekday
d2,290.0,290.0,0.0,0.0,0.0,100.0,0.0,0.0,0.0,1.0,0.0,1.0,1.0,True,excellent,excellent,excellent,excellent,excellent,excellent,excellent,pass,exact,2019-02-08,weekday
d3,290.0,290.0,0.0,0.0,0.0,100.0,0.0,0.0,0.0,1.0,0.0,1.0,1.0,True,excellent,excellent,excellent,excellent,excellent,excellent,excellent,pass,exact,2019-02-08,weekday
d4,1580.0,1580.0,0.0,0.0,0.0,100.0,0.0,0.0,0.0,1.0,0.0,1.0,1.0,True,excellent,excellent,excellent,excellent,excellent,excellent,excellent,pass,exact,2019-02-08,weekday
d5,3914.0,3914.0,0.0,0.0,0.0,100.0,0.0,0.0,0.0,1.0,0.0,1.0,1.0,True,excellent,excellent,excellent,excellent,excellent,excellent,excellent,pass,exact,2019-02-08,weekday
d6,292.0,292.0,0.0,0.0,0.0,100.0,0.0,0.0,0.0,1.0,0.0,1.0,1.0,True,excellent,excellent,excellent,excellent,excellent,excellent,excellent,pass,exact,2019-02-08,weekday
d7,290.0,290.0,0.0,0.0,0.0,100.0,0.0,0.0,0.0,1.0,0.0,1.0,1.0,True,excellent,excellent,excellent,excellent,excellent,excellent,excellent,pass,exact,2019-02-08,weekday
d8,297.0,297.0,0.0,0.0,0.0,100.0,0.0,0.0,0.0,1.0,0.0,1.0,1.0,True,excellent,excellent,excellent,excellent,excellent,excellent,excellent,pass,exact,2019-02-08,weekday
d9,2819.0,2819.0,0.0,0.0,0.0,100.0,0.0,0.0,0.0,1.0,0.0,1.0,1.0,True,excellent,excellent,excellent,excellent,excellent,excellent,excellent,pass,exact,2019-02-08,weekday
d10,1107.0,1107.0,0.0,0.0,0.0,100.0,0.0,0.0,0.0,1.0,0.0,1.0,1.0,True,excellent,excellent,excellent,excellent,excellent,excellent,excellent,pass,exact,2019-02-08,weekday
d1,130.0,130.0,0.0,0.0,0.0,100.0,0.0,0.0,0.0,1.0,0.0,1.0,1.0,False,excellent,excellent,excellent,excellent,excellent,excellent,excellent,pass,exact,2019-02-09,weekend
d2,262.0,262.0,0.0,0.0,0.0,100.0,0.0,0.0,0.0,1.0,0.0,1.0,1.0,True,excellent,excellent,excellent,excellent,excellent,excellent,excellent,pass,exact,2019-02-09,weekend
d3,265.0,265.0,0.0,0.0,0.0,100.0,0.0,0.0,0.0,1.0,0.0,1.0,1.0,True,excellent,excellent,excellent,excellent,excellent,excellent,excellent,pass,exact,2019-02-09,weekend
d4,2060.0,2060.0,0.0,0.0,0.0,100.0,0.0,0.0,0.0,1.0,0.0,1.0,1.0,True,excellent,excellent,excellent,excellent,excellent,excellent,excellent,pass,exact,2019-02-09,weekend
d5,2628.0,2628.0,0.0,0.0,0.0,100.0,0.0,0.0,0.0,1.0,0.0,1.0,1.0,True,excellent,excellent,excellent,excellent,excellent,excellent,excellent,pass,exact,2019-02-09,weekend
d6,266.0,266.0,0.0,0.0,0.0,100.0,0.0,0.0,0.0,1.0,0.0,1.0,1.0,True,excellent,excellent,excellent,excellent,excellent,excellent,excellent,pass,exact,2019-02-09,weekend
d7,266.0,266.0,0.0,0.0,0.0,100.0,0.0,0.0,0.0,1.0,0.0,1.0,1.0,True,excellent,excellent,excellent,excellent,excellent,excellent,excellent,pass,exact,2019-02-09,weekend
d8,267.0,267.0,0.0,0.0,0.0,100.0,0.0,0.0,0.0,1.0,0.0,1.0,1.0,True,excellent,excellent,excellent,excellent,excellent,excellent,excellent,pass,exact,2019-02-09,weekend
d9,2384.0,2384.0,0.0,0.0,0.0,100.0,0.0,0.0,0.0,1.0,0.0,1.0,1.0,True,excellent,excellent,excellent,excellent,excellent,excellent,excellent,pass,exact,2019-02-09,weekend
d10,983.0,983.0,0.0,0.0,0.0,100.0,0.0,0.0,0.0,1.0,0.0,1.0,1.0,True,excellent,excellent,excellent,excellent,excellent,excellent,excellent,pass,exact,2019-02-09,weekend
d1,101.0,101.0,0.0,0.0,0.0,100.0,0.0,0.0,0.0,1.0,0.0,1.0,1.0,False,excellent,excellent,excellent,excellent,excellent,excellent,excellent,pass,exact,2019-02-10,weekend
d2,206.0,206.0,0.0,0.0,0.0,100.0,0.0,0.0,0.0,1.0,0.0,1.0,1.0,True,excellent,excellent,excellent,excellent,excellent,excellent,excellent,pass,exact,2019-02-10,weekend
d3,206.0,206.0,0.0,0.0,0.0,100.0,0.0,0.0,0.0,1.0,0.0,1.0,1.0,True,excellent,excellent,excellent,excellent,excellent,excellent,excellent,pass,exact,2019-02-10,weekend
d4,1167.0,1167.0,0.0,0.0,0.0,100.0,0.0,0.0,0.0,1.0,0.0,1.0,1.0,True,excellent,excellent,excellent,excellent,excellent,excellent,excellent,pass,exact,2019-02-10,weekend
d5,1537.0,1537.0,0.0,0.0,0.0,100.0,0.0,0.0,0.0,1.0,0.0,1.0,1.0,True,excellent,excellent,excellent,excellent,excellent,excellent,excellent,pass,exact,2019-02-10,weekend
d6,209.0,209.0,0.0,0.0,0.0,100.0,0.0,0.0,0.0,1.0,0.0,1.0,1.0,True,excellent,excellent,excellent,excellent,excellent,excellent,excellent,pass,exact,2019-02-10,weekend
d7,208.0,208.0,0.0,0.0,0.0,100.0,0.0,0.0,0.0,1.0,0.0,1.0,1.0,True,excellent,excellent,excellent,excellent,excellent,excellent,excellent,pass,exact,2019-02-10,weekend
d8,207.0,207.0,0.0,0.0,0.0,100.0,0.0,0.0,0.0,1.0,0.0,1.0,1.0,True,excellent,excellent,excellent,excellent,excellent,excellent,excellent,pass,exact,2019-02-10,weekend
d9,1374.0,1374.0,0.0,0.0,0.0,100.0,0.0,0.0,0.0,1.0,0.0,1.0,1.0,True,excellent,excellent,excellent,excellent,excellent,excellent,excellent,pass,exact,2019-02-10,weekend
d10,704.0,704.0,0.0,0.0,0.0,100.0,0.0,0.0,0.0,1.0,0.0,1.0,1.0,True,excellent,excellent,excellent,excellent,excellent,excellent,excellent,pass,exact,2019-02-10,weekend
d1,139.0,139.0,0.0,0.0,0.0,100.0,0.0,0.0,0.0,1.0,0.0,1.0,1.0,False,excellent,excellent,excellent,excellent,excellent,excellent,excellent,pass,exact,2019-02-11,weekday
d2,284.0,284.0,0.0,0.0,0.0,100.0,0.0,0.0,0.0,1.0,0.0,1.0,1.0,True,excellent,excellent,excellent,excellent,excellent,excellent,excellent,pass,exact,2019-02-11,weekday
d3,286.0,286.0,0.0,0.0,0.0,100.0,0.0,0.0,0.0,1.0,0.0,1.0,1.0,True,excellent,excellent,excellent,excellent,excellent,excellent,excellent,pass,exact,2019-02-11,weekday
d4,1028.0,1028.0,0.0,0.0,0.0,100.0,0.0,0.0,0.0,1.0,0.0,1.0,1.0,True,excellent,excellent,excellent,excellent,excellent,excellent,excellent,pass,exact,2019-02-11,weekday
d5,2873.0,2873.0,0.0,0.0,0.0,100.0,0.0,0.0,0.0,1.0,0.0,1.0,1.0,True,excellent,excellent,excellent,excellent,excellent,excellent,excellent,pass,exact,2019-02-11,weekday
d6,288.0,288.0,0.0,0.0,0.0,100.0,0.0,0.0,0.0,1.0,0.0,1.0,1.0,True,excellent,excellent,excellent,excellent,excellent,excellent,excellent,pass,exact,2019-02-11,weekday
d7,286.0,286.0,0.0,0.0,0.0,100.0,0.0,0.0,0.0,1.0,0.0,1.0,1.0,True,excellent,excellent,excellent,excellent,excellent,excellent,excellent,pass,exact,2019-02-11,weekday
d8,286.0,286.0,0.0,0.0,0.0,100.0,0.0,0.0,0.0,1.0,0.0,1.0,1.0,True,excellent,excellent,excellent,excellent,excellent,excellent,excellent,pass,exact,2019-02-11,weekday
d9,2012.0,2012.0,0.0,0.0,0.0,100.0,0.0,0.0,0.0,1.0,0.0,1.0,1.0,True,excellent,excellent,excellent,excellent,excellent,excellent,excellent,pass,exact,2019-02-11,weekday
d10,894.0,894.0,0.0,0.0,0.0,100.0,0.0,0.0,0.0,1.0,0.0,1.0,1.0,True,excellent,excellent,excellent,excellent,excellent,excellent,excellent,pass,exact,2019-02-11,weekday
d1,139.0,139.0,0.0,0.0,0.0,100.0,0.0,0.0,0.0,1.0,0.0,1.0,1.0,False,excellent,excellent,excellent,excellent,excellent,excellent,excellent,pass,exact,2019-02-12,weekday
d2,284.0,284.0,0.0,0.0,0.0,100.0,0.0,0.0,0.0,1.0,0.0,1.0,1.0,True,excellent,excellent,excellent,excellent,excellent,excellent,excellent,pass,exact,2019-02-12,weekday
d3,285.0,285.0,0.0,0.0,0.0,100.0,0.0,0.0,0.0,1.0,0.0,1.0,1.0,True,excellent,excellent,excellent,excellent,excellent,excellent,excellent,pass,exact,2019-02-12,weekday
d4,1266.0,1266.0,0.0,0.0,0.0,100.0,0.0,0.0,0.0,1.0,0.0,1.0,1.0,True,excellent,excellent,excellent,excellent,excellent,excellent,excellent,pass,exact,2019-02-12,weekday
d5,3049.0,3049.0,0.0,0.0,0.0,100.0,0.0,0.0,0.0,1.0,0.0,1.0,1.0,True,excellent,excellent,excellent,excellent,excellent,excellent,excellent,pass,exact,2019-02-12,weekday
d6,285.0,285.0,0.0,0.0,0.0,100.0,0.0,0.0,0.0,1.0,0.0,1.0,1.0,True,excellent,excellent,excellent,excellent,excellent,excellent,excellent,pass,exact,2019-02-12,weekday
d7,282.0,282.0,0.0,0.0,0.0,100.0,0.0,0.0,0.0,1.0,0.0,1.0,1.0,True,excellent,excellent,excellent,excellent,excellent,excellent,excellent,pass,exact,2019-02-12,weekday
d8,287.0,287.0,0.0,0.0,0.0,100.0,0.0,0.0,0.0,1.0,0.0,1.0,1.0,True,excellent,excellent,excellent,excellent,excellent,excellent,excellent,pass,exact,2019-02-12,weekday
d9,2143.0,2143.0,0.0,0.0,0.0,100.0,0.0,0.0,0.0,1.0,0.0,1.0,1.0,True,excellent,excellent,excellent,excellent,excellent,excellent,excellent,pass,exact,2019-02-12,weekday
d10,950.0,950.0,0.0,0.0,0.0,100.0,0.0,0.0,0.0,1.0,0.0,1.0,1.0,True,excellent,excellent,excellent,excellent,excellent,excellent,excellent,pass,exact,2019-02-12,weekday
d1,139.0,139.0,0.0,0.0,0.0,100.0,0.0,0.0,0.0,1.0,0.0,1.0,1.0,False,excellent,excellent,excellent,excellent,excellent,excellent,excellent,pass,exact,2019-02-13,weekday
d2,284.0,284.0,0.0,0.0,0.0,100.0,0.0,0.0,0.0,1.0,0.0,1.0,1.0,True,excellent,excellent,excellent,excellent,excellent,excellent,excellent,pass,exact,2019-02-13,weekday
d3,285.0,285.0,0.0,0.0,0.0,100.0,0.0,0.0,0.0,1.0,0.0,1.0,1.0,True,excellent,excellent,excellent,excellent,excellent,excellent,excellent,pass,exact,2019-02-13,weekday
d4,1238.0,1238.0,0.0,0.0,0.0,100.0,0.0,0.0,0.0,1.0,0.0,1.0,1.0,True,excellent,excellent,excellent,excellent,excellent,excellent,excellent,pass,exact,2019-02-13,weekday
d5,3364.0,3364.0,0.0,0.0,0.0,100.0,0.0,0.0,0.0,1.0,0.0,1.0,1.0,True,excellent,excellent,excellent,excellent,excellent,excellent,excellent,pass,exact,2019-02-13,weekday
d6,289.0,289.0,0.0,0.0,0.0,100.0,0.0,0.0,0.0,1.0,0.0,1.0,1.0,True,excellent,excellent,excellent,excellent,excellent,excellent,excellent,pass,exact,2019-02-13,weekday
d7,286.0,286.0,0.0,0.0,0.0,100.0,0.0,0.0,0.0,1.0,0.0,1.0,1.0,True,excellent,excellent,excellent,excellent,excellent,excellent,excellent,pass,exact,2019-02-13,weekday
d8,286.0,286.0,0.0,0.0,0.0,100.0,0.0,0.0,0.0,1.0,0.0,1.0,1.0,True,excellent,excellent,excellent,excellent,excellent,excellent,excellent,pass,exact,2019-02-13,weekday
d9,2368.0,2368.0,0.0,0.0,0.0,100.0,0.0,0.0,0.0,1.0,0.0,1.0,1.0,True,excellent,excellent,excellent,excellent,excellent,excellent,excellent,pass,exact,2019-02-13,weekday
d10,956.0,956.0,0.0,0.0,0.0,100.0,0.0,0.0,0.0,1.0,0.0,1.0,1.0,True,excellent,excellent,excellent,excellent,excellent,excellent,excellent,pass,exact,2019-02-13,weekday
d1,139.0,139.0,0.0,0.0,0.0,100.0,0.0,0.0,0.0,1.0,0.0,1.0,1.0,False,excellent,excellent,excellent,excellent,excellent,excellent,excellent,pass,exact,2019-02-14,weekday
d2,283.0,283.0,0.0,0.0,0.0,100.0,0.0,0.0,0.0,1.0,0.0,1.0,1.0,True,excellent,excellent,excellent,excellent,excellent,excellent,excellent,pass,exact,2019-02-14,weekday
d3,285.0,285.0,0.0,0.0,0.0,100.0,0.0,0.0,0.0,1.0,0.0,1.0,1.0,True,excellent,excellent,excellent,excellent,excellent,excellent,excellent,pass,exact,2019-02-14,weekday
d4,1671.0,1671.0,0.0,0.0,0.0,100.0,0.0,0.0,0.0,1.0,0.0,1.0,1.0,True,excellent,excellent,excellent,excellent,excellent,excellent,excellent,pass,exact,2019-02-14,weekday
d5,3561.0,3561.0,0.0,0.0,0.0,100.0,0.0,0.0,0.0,1.0,0.0,1.0,1.0,True,excellent,excellent,excellent,excellent,excellent,excellent,excellent,pass,exact,2019-02-14,weekday
d6,287.0,287.0,0.0,0.0,0.0,100.0,0.0,0.0,0.0,1.0,0.0,1.0,1.0,True,excellent,excellent,excellent,excellent,excellent,excellent,excellent,pass,exact,2019-02-14,weekday
d7,284.0,284.0,0.0,0.0,0.0,100.0,0.0,0.0,0.0,1.0,0.0,1.0,1.0,True,excellent,excellent,excellent,excellent,excellent,excellent,excellent,pass,exact,2019-02-14,weekday
d8,285.0,285.0,0.0,0.0,0.0,100.0,0.0,0.0,0.0,1.0,0.0,1.0,1.0,True,excellent,excellent,excellent,excellent,excellent,excellent,excellent,pass,exact,2019-02-14,weekday
d9,2738.0,2738.0,0.0,0.0,0.0,100.0,0.0,0.0,0.0,1.0,0.0,1.0,1.0,True,excellent,excellent,excellent,excellent,excellent,excellent,excellent,pass,exact,2019-02-14,weekday
d10,1078.0,1078.0,0.0,0.0,0.0,100.0,0.0,0.0,0.0,1.0,0.0,1.0,1.0,True,excellent,excellent,excellent,excellent,excellent,excellent,excellent,pass,exact,2019-02-14,weekday
d1,142.0,142.0,0.0,0.0,0.0,100.0,0.0,0.0,0.0,1.0,0.0,1.0,1.0,False,excellent,excellent,excellent,excellent,excellent,excellent,excellent,pass,exact,2019-02-15,weekday
d2,288.0,288.0,0.0,0.0,0.0,100.0,0.0,0.0,0.0,1.0,0.0,1.0,1.0,True,excellent,excellent,excellent,excellent,excellent,excellent,excellent,pass,exact,2019-02-15,weekday
d3,288.0,288.0,0.0,0.0,0.0,100.0,0.0,0.0,0.0,1.0,0.0,1.0,1.0,True,excellent,excellent,excellent,excellent,excellent,excellent,excellent,pass,exact,2019-02-15,weekday
d4,1531.0,1531.0,0.0,0.0,0.0,100.0,0.0,0.0,0.0,1.0,0.0,1.0,1.0,True,excellent,excellent,excellent,excellent,excellent,excellent,excellent,pass,exact,2019-02-15,weekday
d5,3402.0,3402.0,0.0,0.0,0.0,100.0,0.0,0.0,0.0,1.0,0.0,1.0,1.0,True,excellent,excellent,excellent,excellent,excellent,excellent,excellent,pass,exact,2019-02-15,weekday
d6,289.0,289.0,0.0,0.0,0.0,100.0,0.0,0.0,0.0,1.0,0.0,1.0,1.0,True,excellent,excellent,excellent,excellent,excellent,excellent,excellent,pass,exact,2019-02-15,weekday
d7,291.0,291.0,0.0,0.0,0.0,100.0,0.0,0.0,0.0,1.0,0.0,1.0,1.0,True,excellent,excellent,excellent,excellent,excellent,excellent,excellent,pass,exact,2019-02-15,weekday
d8,288.0,288.0,0.0,0.0,0.0,100.0,0.0,0.0,0.0,1.0,0.0,1.0,1.0,True,excellent,excellent,excellent,excellent,excellent,excellent,excellent,pass,exact,2019-02-15,weekday
d9,2419.0,2419.0,0.0,0.0,0.0,100.0,0.0,0.0,0.0,1.0,0.0,1.0,1.0,True,excellent,excellent,excellent,excellent,excellent,excellent,excellent,pass,exact,2019-02-15,weekday
d10,1094.0,1094.0,0.0,0.0,0.0,100.0,0.0,0.0,0.0,1.0,0.0,1.0,1.0,True,excellent,excellent,excellent,excellent,excellent,excellent,excellent,pass,exact,2019-02-15,weekday
d1,130.0,130.0,0.0,0.0,0.0,100.0,0.0,0.0,0.0,1.0,0.0,1.0,1.0,False,excellent,excellent,excellent,excellent,excellent,excellent,excellent,pass,exact,2019-02-16,weekend
d2,265.0,265.0,0.0,0.0,0.0,100.0,0.0,0.0,0.0,1.0,0.0,1.0,1.0,True,excellent,excellent,excellent,excellent,excellent,excellent,excellent,pass,exact,2019-02-16,weekend
d3,265.0,265.0,0.0,0.0,0.0,100.0,0.0,0.0,0.0,1.0,0.0,1.0,1.0,True,excellent,excellent,excellent,excellent,excellent,excellent,excellent,pass,exact,2019-02-16,weekend
d4,1836.0,1836.0,0.0,0.0,0.0,100.0,0.0,0.0,0.0,1.0,0.0,1.0,1.0,True,excellent,excellent,excellent,excellent,excellent,excellent,excellent,pass,exact,2019-02-16,weekend
d5,2754.0,2754.0,0.0,0.0,0.0,100.0,0.0,0.0,0.0,1.0,0.0,1.0,1.0,True,excellent,excellent,excellent,excellent,excellent,excellent,excellent,pass,exact,2019-02-16,weekend
d6,268.0,268.0,0.0,0.0,0.0,100.0,0.0,0.0,0.0,1.0,0.0,1.0,1.0,True,excellent,excellent,excellent,excellent,excellent,excellent,excellent,pass,exact,2019-02-16,weekend
d7,263.0,263.0,0.0,0.0,0.0,100.0,0.0,0.0,0.0,1.0,0.0,1.0,1.0,True,excellent,excellent,excellent,excellent,excellent,excellent,excellent,pass,exact,2019-02-16,weekend
d8,271.0,271.0,0.0,0.0,0.0,100.0,0.0,0.0,0.0,1.0,0.0,1.0,1.0,True,excellent,excellent,excellent,excellent,excellent,excellent,excellent,pass,exact,2019-02-16,weekend
d9,2295.0,2295.0,0.0,0.0,0.0,100.0,0.0,0.0,0.0,1.0,0.0,1.0,1.0,True,excellent,excellent,excellent,excellent,excellent,excellent,excellent,pass,exact,2019-02-16,weekend
d10,934.0,934.0,0.0,0.0,0.0,100.0,0.0,0.0,0.0,1.0,0.0,1.0,1.0,True,excellent,excellent,excellent,excellent,excellent,excellent,excellent,pass,exact,2019-02-16,weekend
d1,101.0,101.0,0.0,0.0,0.0,100.0,0.0,0.0,0.0,1.0,0.0,1.0,1.0,False,excellent,excellent,excellent,excellent,excellent,excellent,excellent,pass,exact,2019-02-17,weekend
d2,206.0,206.0,0.0,0.0,0.0,100.0,0.0,0.0,0.0,1.0,0.0,1.0,1.0,True,excellent,excellent,excellent,excellent,excellent,excellent,excellent,pass,exact,2019-02-17,weekend
d3,206.0,206.0,0.0,0.0,0.0,100.0,0.0,0.0,0.0,1.0,0.0,1.0,1.0,True,excellent,excellent,excellent,excellent,excellent,excellent,excellent,pass,exact,2019-02-17,weekend
d4,1325.0,1325.0,0.0,0.0,0.0,100.0,0.0,0.0,0.0,1.0,0.0,1.0,1.0,True,excellent,excellent,excellent,excellent,excellent,excellent,excellent,pass,exact,2019-02-17,weekend
d5,2082.0,2082.0,0.0,0.0,0.0,100.0,0.0,0.0,0.0,1.0,0.0,1.0,1.0,True,excellent,excellent,excellent,excellent,excellent,excellent,excellent,pass,exact,2019-02-17,weekend
d6,208.0,208.0,0.0,0.0,0.0,100.0,0.0,0.0,0.0,1.0,0.0,1.0,1.0,True,excellent,excellent,excellent,excellent,excellent,excellent,excellent,pass,exact,2019-02-17,weekend
d7,208.0,208.0,0.0,0.0,0.0,100.0,0.0,0.0,0.0,1.0,0.0,1.0,1.0,True,excellent,excellent,excellent,excellent,excellent,excellent,excellent,pass,exact,2019-02-17,weekend
d8,216.0,216.0,0.0,0.0,0.0,100.0,0.0,0.0,0.0,1.0,0.0,1.0,1.0,True,excellent,excellent,excellent,excellent,excellent,excellent,excellent,pass,exact,2019-02-17,weekend
d9,1651.0,1651.0,0.0,0.0,0.0,100.0,0.0,0.0,0.0,1.0,0.0,1.0,1.0,True,excellent,excellent,excellent,excellent,excellent,excellent,excellent,pass,exact,2019-02-17,weekend
d10,823.0,823.0,0.0,0.0,0.0,100.0,0.0,0.0,0.0,1.0,0.0,1.0,1.0,True,excellent,excellent,excellent,excellent,excellent,excellent,excellent,pass,exact,2019-02-17,weekend
d1,139.0,139.0,0.0,0.0,0.0,100.0,0.0,0.0,0.0,1.0,0.0,1.0,1.0,False,excellent,excellent,excellent,excellent,excellent,excellent,excellent,pass,exact,2019-02-18,weekday
d2,283.0,283.0,0.0,0.0,0.0,100.0,0.0,0.0,0.0,1.0,0.0,1.0,1.0,True,excellent,excellent,excellent,excellent,excellent,excellent,excellent,pass,exact,2019-02-18,weekday
d3,284.0,284.0,0.0,0.0,0.0,100.0,0.0,0.0,0.0,1.0,0.0,1.0,1.0,True,excellent,excellent,excellent,excellent,excellent,excellent,excellent,pass,exact,2019-02-18,weekday
d4,1235.0,1235.0,0.0,0.0,0.0,100.0,0.0,0.0,0.0,1.0,0.0,1.0,1.0,True,excellent,excellent,excellent,excellent,excellent,excellent,excellent,pass,exact,2019-02-18,weekday
d5,2924.0,2924.0,0.0,0.0,0.0,100.0,0.0,0.0,0.0,1.0,0.0,1.0,1.0,True,excellent,excellent,excellent,excellent,excellent,excellent,excellent,pass,exact,2019-02-18,weekday
d6,288.0,288.0,0.0,0.0,0.0,100.0,0.0,0.0,0.0,1.0,0.0,1.0,1.0,True,excellent,excellent,excellent,excellent,excellent,excellent,excellent,pass,exact,2019-02-18,weekday
d7,284.0,284.0,0.0,0.0,0.0,100.0,0.0,0.0,0.0,1.0,0.0,1.0,1.0,True,excellent,excellent,excellent,excellent,excellent,excellent,excellent,pass,exact,2019-02-18,weekday
d8,288.0,288.0,0.0,0.0,0.0,100.0,0.0,0.0,0.0,1.0,0.0,1.0,1.0,True,excellent,excellent,excellent,excellent,excellent,excellent,excellent,pass,exact,2019-02-18,weekday
d9,2050.0,2050.0,0.0,0.0,0.0,100.0,0.0,0.0,0.0,1.0,0.0,1.0,1.0,True,excellent,excellent,excellent,excellent,excellent,excellent,excellent,pass,exact,2019-02-18,weekday
d10,966.0,966.0,0.0,0.0,0.0,100.0,0.0,0.0,0.0,1.0,0.0,1.0,1.0,True,excellent,excellent,excellent,excellent,excellent,excellent,excellent,pass,exact,2019-02-18,weekday
d1,139.0,139.0,0.0,0.0,0.0,100.0,0.0,0.0,0.0,1.0,0.0,1.0,1.0,False,excellent,excellent,excellent,excellent,excellent,excellent,excellent,pass,exact,2019-02-19,weekday
d2,284.0,284.0,0.0,0.0,0.0,100.0,0.0,0.0,0.0,1.0,0.0,1.0,1.0,True,excellent,excellent,excellent,excellent,excellent,excellent,excellent,pass,exact,2019-02-19,weekday
d3,287.0,287.0,0.0,0.0,0.0,100.0,0.0,0.0,0.0,1.0,0.0,1.0,1.0,True,excellent,excellent,excellent,excellent,excellent,excellent,excellent,pass,exact,2019-02-19,weekday
d4,1222.0,1222.0,0.0,0.0,0.0,100.0,0.0,0.0,0.0,1.0,0.0,1.0,1.0,True,excellent,excellent,excellent,excellent,excellent,excellent,excellent,pass,exact,2019-02-19,weekday
d5,3280.0,3280.0,0.0,0.0,0.0,100.0,0.0,0.0,0.0,1.0,0.0,1.0,1.0,True,excellent,excellent,excellent,excellent,excellent,excellent,excellent,pass,exact,2019-02-19,weekday
d6,285.0,285.0,0.0,0.0,0.0,100.0,0.0,0.0,0.0,1.0,0.0,1.0,1.0,True,excellent,excellent,excellent,excellent,excellent,excellent,excellent,pass,exact,2019-02-19,weekday
d7,287.0,287.0,0.0,0.0,0.0,100.0,0.0,0.0,0.0,1.0,0.0,1.0,1.0,True,excellent,excellent,excellent,excellent,excellent,excellent,excellent,pass,exact,2019-02-19,weekday
d8,288.0,288.0,0.0,0.0,0.0,100.0,0.0,0.0,0.0,1.0,0.0,1.0,1.0,True,excellent,excellent,excellent,excellent,excellent,excellent,excellent,pass,exact,2019-02-19,weekday
d9,2189.0,2189.0,0.0,0.0,0.0,100.0,0.0,0.0,0.0,1.0,0.0,1.0,1.0,True,excellent,excellent,excellent,excellent,excellent,excellent,excellent,pass,exact,2019-02-19,weekday
d10,947.0,947.0,0.0,0.0,0.0,100.0,0.0,0.0,0.0,1.0,0.0,1.0,1.0,True,excellent,excellent,excellent,excellent,excellent,excellent,excellent,pass,exact,2019-02-19,weekday
d1,139.0,139.0,0.0,0.0,0.0,100.0,0.0,0.0,0.0,1.0,0.0,1.0,1.0,False,excellent,excellent,excellent,excellent,excellent,excellent,excellent,pass,exact,2019-02-20,weekday
d2,284.0,284.0,0.0,0.0,0.0,100.0,0.0,0.0,0.0,1.0,0.0,1.0,1.0,True,excellent,excellent,excellent,excellent,excellent,excellent,excellent,pass,exact,2019-02-20,weekday
d3,286.0,286.0,0.0,0.0,0.0,100.0,0.0,0.0,0.0,1.0,0.0,1.0,1.0,True,excellent,excellent,excellent,excellent,excellent,excellent,excellent,pass,exact,2019-02-20,weekday
d4,1198.0,1198.0,0.0,0.0,0.0,100.0,0.0,0.0,0.0,1.0,0.0,1.0,1.0,True,excellent,excellent,excellent,excellent,excellent,excellent,excellent,pass,exact,2019-02-20,weekday
d5,3376.0,3376.0,0.0,0.0,0.0,100.0,0.0,0.0,0.0,1.0,0.0,1.0,1.0,True,excellent,excellent,excellent,excellent,excellent,excellent,excellent,pass,exact,2019-02-20,weekday
d6,288.0,288.0,0.0,0.0,0.0,100.0,0.0,0.0,0.0,1.0,0.0,1.0,1.0,True,excellent,excellent,excellent,excellent,excellent,excellent,excellent,pass,exact,2019-02-20,weekday
d7,285.0,285.0,0.0,0.0,0.0,100.0,0.0,0.0,0.0,1.0,0.0,1.0,1.0,True,excellent,excellent,excellent,excellent,excellent,excellent,excellent,pass,exact,2019-02-20,weekday
d8,288.0,288.0,0.0,0.0,0.0,100.0,0.0,0.0,0.0,1.0,0.0,1.0,1.0,True,excellent,excellent,excellent,excellent,excellent,excellent,excellent,pass,exact,2019-02-20,weekday
d9,2284.0,2284.0,0.0,0.0,0.0,100.0,0.0,0.0,0.0,1.0,0.0,1.0,1.0,True,excellent,excellent,excellent,excellent,excellent,excellent,excellent,pass,exact,2019-02-20,weekday
d10,956.0,956.0,0.0,0.0,0.0,100.0,0.0,0.0,0.0,1.0,0.0,1.0,1.0,True,excellent,excellent,excellent,excellent,excellent,excellent,excellent,pass,exact,2019-02-20,weekday
d1,139.0,139.0,0.0,0.0,0.0,100.0,0.0,0.0,0.0,1.0,0.0,1.0,1.0,False,excellent,excellent,excellent,excellent,excellent,excellent,excellent,pass,exact,2019-02-21,weekday
d2,282.0,282.0,0.0,0.0,0.0,100.0,0.0,0.0,0.0,1.0,0.0,1.0,1.0,True,excellent,excellent,excellent,excellent,excellent,excellent,excellent,pass,exact,2019-02-21,weekday
d3,283.0,283.0,0.0,0.0,0.0,100.0,0.0,0.0,0.0,1.0,0.0,1.0,1.0,True,excellent,excellent,excellent,excellent,excellent,excellent,excellent,pass,exact,2019-02-21,weekday
d4,1334.0,1334.0,0.0,0.0,0.0,100.0,0.0,0.0,0.0,1.0,0.0,1.0,1.0,True,excellent,excellent,excellent,excellent,excellent,excellent,excellent,pass,exact,2019-02-21,weekday
d5,3294.0,3294.0,0.0,0.0,0.0,100.0,0.0,0.0,0.0,1.0,0.0,1.0,1.0,True,excellent,excellent,excellent,excellent,excellent,excellent,excellent,pass,exact,2019-02-21,weekday
d6,289.0,289.0,0.0,0.0,0.0,100.0,0.0,0.0,0.0,1.0,0.0,1.0,1.0,True,excellent,excellent,excellent,excellent,excellent,excellent,excellent,pass,exact,2019-02-21,weekday
d7,282.0,282.0,0.0,0.0,0.0,100.0,0.0,0.0,0.0,1.0,0.0,1.0,1.0,True,excellent,excellent,excellent,excellent,excellent,excellent,excellent,pass,exact,2019-02-21,weekday
d8,285.0,285.0,0.0,0.0,0.0,100.0,0.0,0.0,0.0,1.0,0.0,1.0,1.0,True,excellent,excellent,excellent,excellent,excellent,excellent,excellent,pass,exact,2019-02-21,weekday
d9,2314.0,2314.0,0.0,0.0,0.0,100.0,0.0,0.0,0.0,1.0,0.0,1.0,1.0,True,excellent,excellent,excellent,excellent,excellent,excellent,excellent,pass,exact,2019-02-21,weekday
d10,1042.0,1042.0,0.0,0.0,0.0,100.0,0.0,0.0,0.0,1.0,0.0,1.0,1.0,True,excellent,excellent,excellent,excellent,excellent,excellent,excellent,pass,exact,2019-02-21,weekday
d1,143.0,143.0,0.0,0.0,0.0,100.0,0.0,0.0,0.0,1.0,0.0,1.0,1.0,False,excellent,excellent,excellent,excellent,excellent,excellent,excellent,pass,exact,2019-02-22,weekday
d2,291.0,291.0,0.0,0.0,0.0,100.0,0.0,0.0,0.0,1.0,0.0,1.0,1.0,True,excellent,excellent,excellent,excellent,excellent,excellent,excellent,pass,exact,2019-02-22,weekday
d3,292.0,292.0,0.0,0.0,0.0,100.0,0.0,0.0,0.0,1.0,0.0,1.0,1.0,True,excellent,excellent,excellent,excellent,excellent,excellent,excellent,pass,exact,2019-02-22,weekday
d4,1567.0,1567.0,0.0,0.0,0.0,100.0,0.0,0.0,0.0,1.0,0.0,1.0,1.0,True,excellent,excellent,excellent,excellent,excellent,excellent,excellent,pass,exact,2019-02-22,weekday
d5,3462.0,3462.0,0.0,0.0,0.0,100.0,0.0,0.0,0.0,1.0,0.0,1.0,1.0,True,excellent,excellent,excellent,excellent,excellent,excellent,excellent,pass,exact,2019-02-22,weekday
d6,294.0,294.0,0.0,0.0,0.0,100.0,0.0,0.0,0.0,1.0,0.0,1.0,1.0,True,excellent,excellent,excellent,excellent,excellent,excellent,excellent,pass,exact,2019-02-22,weekday
d7,287.0,287.0,0.0,0.0,0.0,100.0,0.0,0.0,0.0,1.0,0.0,1.0,1.0,True,excellent,excellent,excellent,excellent,excellent,excellent,excellent,pass,exact,2019-02-22,weekday
d8,296.0,296.0,0.0,0.0,0.0,100.0,0.0,0.0,0.0,1.0,0.0,1.0,1.0,True,excellent,excellent,excellent,excellent,excellent,excellent,excellent,pass,exact,2019-02-22,weekday
d9,2552.0,2552.0,0.0,0.0,0.0,100.0,0.0,0.0,0.0,1.0,0.0,1.0,1.0,True,excellent,excellent,excellent,excellent,excellent,excellent,excellent,pass,exact,2019-02-22,weekday
d10,1046.0,1046.0,0.0,0.0,0.0,100.0,0.0,0.0,0.0,1.0,0.0,1.0,1.0,True,excellent,excellent,excellent,excellent,excellent,excellent,excellent,pass,exact,2019-02-22,weekday
d1,136.0,136.0,0.0,0.0,0.0,100.0,0.0,0.0,0.0,1.0,0.0,1.0,1.0,False,excellent,excellent,excellent,excellent,excellent,excellent,excellent,pass,exact,2019-02-23,weekend
d2,272.0,272.0,0.0,0.0,0.0,100.0,0.0,0.0,0.0,1.0,0.0,1.0,1.0,True,excellent,excellent,excellent,excellent,excellent,excellent,excellent,pass,exact,2019-02-23,weekend
d3,272.0,272.0,0.0,0.0,0.0,100.0,0.0,0.0,0.0,1.0,0.0,1.0,1.0,True,excellent,excellent,excellent,excellent,excellent,excellent,excellent,pass,exact,2019-02-23,weekend
d4,1861.0,1861.0,0.0,0.0,0.0,100.0,0.0,0.0,0.0,1.0,0.0,1.0,1.0,True,excellent,excellent,excellent,excellent,excellent,excellent,excellent,pass,exact,2019-02-23,weekend
d5,2891.0,2891.0,0.0,0.0,0.0,100.0,0.0,0.0,0.0,1.0,0.0,1.0,1.0,True,excellent,excellent,excellent,excellent,excellent,excellent,excellent,pass,exact,2019-02-23,weekend
d6,277.0,277.0,0.0,0.0,0.0,100.0,0.0,0.0,0.0,1.0,0.0,1.0,1.0,True,excellent,excellent,excellent,excellent,excellent,excellent,excellent,pass,exact,2019-02-23,weekend
d7,278.0,278.0,0.0,0.0,0.0,100.0,0.0,0.0,0.0,1.0,0.0,1.0,1.0,True,excellent,excellent,excellent,excellent,excellent,excellent,excellent,pass,exact,2019-02-23,weekend
d8,272.0,272.0,0.0,0.0,0.0,100.0,0.0,0.0,0.0,1.0,0.0,1.0,1.0,True,excellent,excellent,excellent,excellent,excellent,excellent,excellent,pass,exact,2019-02-23,weekend
d9,2116.0,2116.0,0.0,0.0,0.0,100.0,0.0,0.0,0.0,1.0,0.0,1.0,1.0,True,excellent,excellent,excellent,excellent,excellent,excellent,excellent,pass,exact,2019-02-23,weekend
d10,1136.0,1136.0,0.0,0.0,0.0,100.0,0.0,0.0,0.0,1.0,0.0,1.0,1.0,True,excellent,excellent,excellent,excellent,excellent,excellent,excellent,pass,exact,2019-02-23,weekend
d1,101.0,101.0,0.0,0.0,0.0,100.0,0.0,0.0,0.0,1.0,0.0,1.0,1.0,False,excellent,excellent,excellent,excellent,excellent,excellent,excellent,pass,exact,2019-02-24,weekend
d2,206.0,206.0,0.0,0.0,0.0,100.0,0.0,0.0,0.0,1.0,0.0,1.0,1.0,True,excellent,excellent,excellent,excellent,excellent,excellent,excellent,pass,exact,2019-02-24,weekend
d3,206.0,206.0,0.0,0.0,0.0,100.0,0.0,0.0,0.0,1.0,0.0,1.0,1.0,True,excellent,excellent,excellent,excellent,excellent,excellent,excellent,pass,exact,2019-02-24,weekend
d4,1357.0,1357.0,0.0,0.0,0.0,100.0,0.0,0.0,0.0,1.0,0.0,1.0,1.0,True,excellent,excellent,excellent,excellent,excellent,excellent,excellent,pass,exact,2019-02-24,weekend
d5,2416.0,2416.0,0.0,0.0,0.0,100.0,0.0,0.0,0.0,1.0,0.0,1.0,1.0,True,excellent,excellent,excellent,excellent,excellent,excellent,excellent,pass,exact,2019-02-24,weekend
d6,212.0,212.0,0.0,0.0,0.0,100.0,0.0,0.0,0.0,1.0,0.0,1.0,1.0,True,excellent,excellent,excellent,excellent,excellent,excellent,excellent,pass,exact,2019-02-24,weekend
d7,212.0,212.0,0.0,0.0,0.0,100.0,0.0,0.0,0.0,1.0,0.0,1.0,1.0,True,excellent,excellent,excellent,excellent,excellent,excellent,excellent,pass,exact,2019-02-24,weekend
d8,209.0,209.0,0.0,0.0,0.0,100.0,0.0,0.0,0.0,1.0,0.0,1.0,1.0,True,excellent,excellent,excellent,excellent,excellent,excellent,excellent,pass,exact,2019-02-24,weekend
d9,1849.0,1849.0,0.0,0.0,0.0,100.0,0.0,0.0,0.0,1.0,0.0,1.0,1.0,True,excellent,excellent,excellent,excellent,excellent,excellent,excellent,pass,exact,2019-02-24,weekend
d10,807.0,807.0,0.0,0.0,0.0,100.0,0.0,0.0,0.0,1.0,0.0,1.0,1.0,True,excellent,excellent,excellent,excellent,excellent,excellent,excellent,pass,exact,2019-02-24,weekend
d1,140.0,140.0,0.0,0.0,0.0,100.0,0.0,0.0,0.0,1.0,0.0,1.0,1.0,False,excellent,excellent,excellent,excellent,excellent,excellent,excellent,pass,exact,2019-02-25,weekday
d2,283.0,283.0,0.0,0.0,0.0,100.0,0.0,0.0,0.0,1.0,0.0,1.0,1.0,True,excellent,excellent,excellent,excellent,excellent,excellent,excellent,pass,exact,2019-02-25,weekday
d3,283.0,283.0,0.0,0.0,0.0,100.0,0.0,0.0,0.0,1.0,0.0,1.0,1.0,True,excellent,excellent,excellent,excellent,excellent,excellent,excellent,pass,exact,2019-02-25,weekday
d4,1058.0,1058.0,0.0,0.0,0.0,100.0,0.0,0.0,0.0,1.0,0.0,1.0,1.0,True,excellent,excellent,excellent,excellent,excellent,excellent,excellent,pass,exact,2019-02-25,weekday
d5,3401.0,3401.0,0.0,0.0,0.0,100.0,0.0,0.0,0.0,1.0,0.0,1.0,1.0,True,excellent,excellent,excellent,excellent,excellent,excellent,excellent,pass,exact,2019-02-25,weekday
d6,282.0,282.0,0.0,0.0,0.0,100.0,0.0,0.0,0.0,1.0,0.0,1.0,1.0,True,excellent,excellent,excellent,excellent,excellent,excellent,excellent,pass,exact,2019-02-25,weekday
d7,283.0,283.0,0.0,0.0,0.0,100.0,0.0,0.0,0.0,1.0,0.0,1.0,1.0,True,excellent,excellent,excellent,excellent,excellent,excellent,excellent,pass,exact,2019-02-25,weekday
d8,284.0,284.0,0.0,0.0,0.0,100.0,0.0,0.0,0.0,1.0,0.0,1.0,1.0,True,excellent,excellent,excellent,excellent,excellent,excellent,excellent,pass,exact,2019-02-25,weekday
d9,2198.0,2198.0,0.0,0.0,0.0,100.0,0.0,0.0,0.0,1.0,0.0,1.0,1.0,True,excellent,excellent,excellent,excellent,excellent,excellent,excellent,pass,exact,2019-02-25,weekday
d10,1034.0,1034.0,0.0,0.0,0.0,100.0,0.0,0.0,0.0,1.0,0.0,1.0,1.0,True,excellent,excellent,excellent,excellent,excellent,excellent,excellent,pass,exact,2019-02-25,weekday
d1,138.0,138.0,0.0,0.0,0.0,100.0,0.0,0.0,0.0,1.0,0.0,1.0,1.0,False,excellent,excellent,excellent,excellent,excellent,excellent,excellent,pass,exact,2019-02-26,weekday
d2,284.0,284.0,0.0,0.0,0.0,100.0,0.0,0.0,0.0,1.0,0.0,1.0,1.0,True,excellent,excellent,excellent,excellent,excellent,excellent,excellent,pass,exact,2019-02-26,weekday
d3,284.0,284.0,0.0,0.0,0.0,100.0,0.0,0.0,0.0,1.0,0.0,1.0,1.0,True,excellent,excellent,excellent,excellent,excellent,excellent,excellent,pass,exact,2019-02-26,weekday
d4,1180.0,1180.0,0.0,0.0,0.0,100.0,0.0,0.0,0.0,1.0,0.0,1.0,1.0,True,excellent,excellent,excellent,excellent,excellent,excellent,excellent,pass,exact,2019-02-26,weekday
d5,3762.0,3762.0,0.0,0.0,0.0,100.0,0.0,0.0,0.0,1.0,0.0,1.0,1.0,True,excellent,excellent,excellent,excellent,excellent,excellent,excellent,pass,exact,2019-02-26,weekday
d6,285.0,285.0,0.0,0.0,0.0,100.0,0.0,0.0,0.0,1.0,0.0,1.0,1.0,True,excellent,excellent,excellent,excellent,excellent,excellent,excellent,pass,exact,2019-02-26,weekday
d7,285.0,286.0,0.0591829956172182,0.0,0.0,100.0,1.71894017037416,0.3508771929824561,0.7142857142857143,0.9989546583039332,0.3508771929824561,0.9997373949579832,1.0,True,excellent,excellent,excellent,excellent,excellent,excellent,excellent,pass,exact,2019-02-26,weekday
d8,287.0,287.0,0.0,0.0,0.0,100.0,0.0,0.0,0.0,1.0,0.0,1.0,1.0,True,excellent,excellent,excellent,excellent,excellent,excellent,excellent,pass,exact,2019-02-26,weekday
d9,2380.0,2380.0,0.0,0.0,0.0,100.0,0.0,0.0,0.0,1.0,0.0,1.0,1.0,True,excellent,excellent,excellent,excellent,excellent,excellent,excellent,pass,exact,2019-02-26,weekday
d10,1059.0,1059.0,0.0,0.0,0.0,100.0,0.0,0.0,0.0,1.0,0.0,1.0,1.0,True,excellent,excellent,excellent,excellent,excellent,excellent,excellent,pass,exact,2019-02-26,weekday
d1,140.0,140.0,0.0,0.0,0.0,100.0,0.0,0.0,0.0,1.0,0.0,1.0,1.0,False,excellent,excellent,excellent,excellent,excellent,excellent,excellent,pass,exact,2019-02-27,weekday
d2,283.0,283.0,0.0,0.0,0.0,100.0,0.0,0.0,0.0,1.0,0.0,1.0,1.0,True,excellent,excellent,excellent,excellent,excellent,excellent,excellent,pass,exact,2019-02-27,weekday
d3,284.0,284.0,0.0,0.0,0.0,100.0,0.0,0.0,0.0,1.0,0.0,1.0,1.0,True,excellent,excellent,excellent,excellent,excellent,excellent,excellent,pass,exact,2019-02-27,weekday
d4,1187.0,1187.0,0.0,0.0,0.0,100.0,0.0,0.0,0.0,1.0,0.0,1.0,1.0,True,excellent,excellent,excellent,excellent,excellent,excellent,excellent,pass,exact,2019-02-27,weekday
d5,3901.0,3901.0,0.0,0.0,0.0,100.0,0.0,0.0,0.0,1.0,0.0,1.0,1.0,True,excellent,excellent,excellent,excellent,excellent,excellent,excellent,pass,exact,2019-02-27,weekday
d6,284.0,284.0,0.0,0.0,0.0,100.0,0.0,0.0,0.0,1.0,0.0,1.0,1.0,True,excellent,excellent,excellent,excellent,excellent,excellent,excellent,pass,exact,2019-02-27,weekday
d7,283.0,283.0,0.0,0.0,0.0,100.0,0.0,0.0,0.0,1.0,0.0,1.0,1.0,True,excellent,excellent,excellent,excellent,excellent,excellent,excellent,pass,exact,2019-02-27,weekday
d8,287.0,287.0,0.0,0.0,0.0,100.0,0.0,0.0,0.0,1.0,0.0,1.0,1.0,True,excellent,excellent,excellent,excellent,excellent,excellent,excellent,pass,exact,2019-02-27,weekday
d9,2555.0,2555.0,0.0,0.0,0.0,100.0,0.0,0.0,0.0,1.0,0.0,1.0,1.0,True,excellent,excellent,excellent,excellent,excellent,excellent,excellent,pass,exact,2019-02-27,weekday
d10,1076.0,1076.0,0.0,0.0,0.0,100.0,0.0,0.0,0.0,1.0,0.0,1.0,1.0,True,excellent,excellent,excellent,excellent,excellent,excellent,excellent,pass,exact,2019-02-27,weekday
d1,140.0,140.0,0.0,0.0,0.0,100.0,0.0,0.0,0.0,1.0,0.0,1.0,1.0,False,excellent,excellent,excellent,excellent,excellent,excellent,excellent,pass,exact,2019-02-28,weekday
d2,285.0,285.0,0.0,0.0,0.0,100.0,0.0,0.0,0.0,1.0,0.0,1.0,1.0,True,excellent,excellent,excellent,excellent,excellent,excellent,excellent,pass,exact,2019-02-28,weekday
d3,286.0,286.0,0.0,0.0,0.0,100.0,0.0,0.0,0.0,1.0,0.0,1.0,1.0,True,excellent,excellent,excellent,excellent,excellent,excellent,excellent,pass,exact,2019-02-28,weekday
d4,1275.0,1275.0,0.0,0.0,0.0,100.0,0.0,0.0,0.0,1.0,0.0,1.0,1.0,True,excellent,excellent,excellent,excellent,excellent,excellent,excellent,pass,exact,2019-02-28,weekday
d5,4160.0,4160.0,0.0,0.0,0.0,100.0,0.0,0.0,0.0,1.0,0.0,1.0,1.0,True,excellent,excellent,excellent,excellent,excellent,excellent,excellent,pass,exact,2019-02-28,weekday
d6,286.0,286.0,0.0,0.0,0.0,100.0,0.0,0.0,0.0,1.0,0.0,1.0,1.0,True,excellent,excellent,excellent,excellent,excellent,excellent,excellent,pass,exact,2019-02-28,weekday
d7,284.0,284.0,0.0,0.0,0.0,100.0,0.0,0.0,0.0,1.0,0.0,1.0,1.0,True,excellent,excellent,excellent,excellent,excellent,excellent,excellent,pass,exact,2019-02-28,weekday
d8,288.0,288.0,0.0,0.0,0.0,100.0,0.0,0.0,0.0,1.0,0.0,1.0,1.0,True,excellent,excellent,excellent,excellent,excellent,excellent,excellent,pass,exact,2019-02-28,weekday
d9,2671.0,2671.0,0.0,0.0,0.0,100.0,0.0,0.0,0.0,1.0,0.0,1.0,1.0,True,excellent,excellent,excellent,excellent,excellent,excellent,excellent,pass,exact,2019-02-28,weekday
d10,1060.0,1060.0,0.0,0.0,0.0,100.0,0.0,0.0,0.0,1.0,0.0,1.0,1.0,True,excellent,excellent,excellent,excellent,excellent,excellent,excellent,pass,exact,2019-02-28,weekday
d1,145.0,145.0,0.0,0.0,0.0,100.0,0.0,0.0,0.0,1.0,0.0,1.0,1.0,False,excellent,excellent,excellent,excellent,excellent,excellent,excellent,pass,actuated_tsp,2019-02-01,weekday
d2,291.0,288.0,0.17631812981527,0.0,0.1778001778002665,100.0,2.91590425231566,1.0309278350515465,0.9583333333333331,0.9967970105431736,-1.0309278350515465,0.9991907202589696,1.014514547003576,False,excellent,excellent,excellent,excellent,excellent,excellent,excellent,FAIL,actuated_tsp,2019-02-01,weekday
d3,291.0,291.0,0.0,0.0,0.0,100.0,2.380825852328354,0.6872852233676976,0.625,0.9978601043199145,0.0,0.9994653121240475,1.0055710737474215,True,excellent,excellent,excellent,excellent,excellent,excellent,excellent,FAIL,actuated_tsp,2019-02-01,weekday
d4,1509.0,1488.0,0.5424889808044899,0.0,0.2807248819101969,100.0,2.272555096021504,1.3916500994035783,0.9665059471226428,0.9982804981291644,-1.3916500994035783,0.999560620869612,0.9863540713619484,False,excellent,excellent,excellent,excellent,excellent,excellent,excellent,pass,actuated_tsp,2019-02-01,weekday
d5,3972.0,3816.0,2.4999229572104165,0.4238323584242259,0.966525120029008,100.0,5.37617233234205,3.927492447129909,2.7908852006639684,0.9929042522202222,-3.9274924471299095,0.998133551282152,0.9738423435403404,False,pass,pass,excellent,excellent,excellent,excellent,excellent,pass,actuated_tsp,2019-02-01,weekday
d6,298.0,298.0,0.0,0.0,0.2516550723878663,100.0,4.649800825688262,2.0134228187919465,2.2978801169590644,0.9922317527107948,0.0,0.9980272891665296,0.9682458365518544,True,excellent,excellent,excellent,excellent,excellent,excellent,excellent,pass,actuated_tsp,2019-02-01,weekday
d7,297.0,298.0,0.0579771035652448,0.0,0.1627466942413468,100.0,2.8569970957032225,1.0101010101010102,1.4298245614035088,0.9969988745779668,0.3367003367003367,0.9992424242424244,0.9759000729485332,False,excellent,excellent,excellent,excellent,excellent,excellent,excellent,pass,actuated_tsp,2019-02-01,weekday
d8,291.0,329.0,2.1582549701388465,0.2705334471342299,0.8815310128702432,100.0,19.04660681862683,13.058419243986252,13.903074866310162,0.8615654995268351,13.058419243986254,0.9701069901183752,1.3670223114492317,True,pass,FAIL,FAIL,pass,FAIL,FAIL,excellent,FAIL,actuated_tsp,2019-02-01,weekday
d9,2809.0,2715.0,1.788611490639053,1.879975757956189,3.81410325818734,100.0,17.005854860093823,14.524741901032396,20.60376143348677,0.892405657152422,-3.346386614453542,0.9765245870877822,1.1191674081445735,True,excellent,FAIL,FAIL,FAIL,FAIL,excellent,excellent,FAIL,actuated_tsp,2019-02-01,weekday
d10,1136.0,1287.0,4.338256618865083,1.7607542733831212,4.474726920261854,100.0,39.21988355437389,29.841549295774644,41.86270405318604,0.5801380757386037,13.29225352112676,0.8938706784583382,1.1417181335364768,True,pass,FAIL,FAIL,FAIL,FAIL,FAIL,FAIL,FAIL,actuated_tsp,2019-02-01,weekday
d1,120.0,120.0,0.0,0.0,0.0,100.0,0.0,0.0,0.0,1.0,0.0,1.0,1.0,False,excellent,excellent,excellent,excellent,excellent,excellent,excellent,pass,actuated_tsp,2019-02-02,weekend
d2,245.0,246.0,0.0638225646272602,0.0,0.0,100.0,1.999583463496472,0.4081632653061224,0.3571428571428571,0.9988206967716574,0.4081632653061224,0.999706572769953,0.997360312157615,False,excellent,excellent,excellent,excellent,excellent,excellent,excellent,pass,actuated_tsp,2019-02-02,weekend
d3,245.0,246.0,0.0638225646272602,0.0,0.1723280873710656,100.0,3.463380152750437,1.2244897959183674,1.0358758888170654,0.9964869480361064,0.4081632653061224,0.9991222937390288,0.9939576486092936,True,excellent,excellent,excellent,excellent,excellent,excellent,excellent,pass,actuated_tsp,2019-02-02,weekend
d4,1852.0,1812.0,0.9345386270319956,0.1202650058666758,0.4256016230480666,100.0,3.3459899319286537,2.159827213822894,1.7066575999794058,0.9965131989946392,-2.159827213822894,0.999098855546544,0.9558167610746184,False,excellent,excellent,excellent,excellent,excellent,excellent,excellent,pass,actuated_tsp,2019-02-02,weekend
d5,2771.0,2688.0,1.5886804200951257,0.2633297236884195,0.6205500689358823,100.0,4.187458593824696,2.9953085528690004,2.4287174348932017,0.994108130508585,-2.9953085528690004,0.9984590833056372,0.9729709507603822,False,excellent,excellent,excellent,excellent,excellent,excellent,excellent,pass,actuated_tsp,2019-02-02,weekend
d6,246.0,244.0,0.1277753129999879,0.0,0.2602644521294276,100.0,6.297533896272222,2.4390243902439024,1.7314118629908104,0.989299090422686,-0.8130081300813008,0.9972958355868036,1.042391522691971,True,excellent,pass,excellent,excellent,excellent,excellent,excellent,FAIL,actuated_tsp,2019-02-02,weekend
d7,244.0,244.0,0.0,0.0,0.0,100.0,0.0,0.0,0.0,1.0,0.0,1.0,1.0,False,excellent,excellent,excellent,excellent,excellent,excellent,excellent,pass,actuated_tsp,2019-02-02,weekend
d8,247.0,282.0,2.15206411665471,0.4426164502261722,1.383868792240334,100.0,21.45367012063445,14.979757085020246,14.343357214680749,0.8659729845830748,14.17004048582996,0.970030737704918,1.0723408138853807,True,pass,FAIL,FAIL,pass,FAIL,FAIL,excellent,FAIL,actuated_tsp,2019-02-02,weekend
d9,2461.0,2379.0,1.6668870377725704,1.5277079819115125,3.8597441920359,100.0,20.21069332082507,16.497358797236895,19.270525816293908,0.7295337093453826,-3.331978870377895,0.9487917353177098,1.284065597504049,True,excellent,FAIL,FAIL,FAIL,FAIL,excellent,pass,FAIL,actuated_tsp,2019-02-02,weekend
d10,953.0,1203.0,7.614311298414658,1.957417042685394,3.807008632786661,95.83333333333334,47.6219281359229,36.72612801678909,41.59733857027534,0.1005096448207945,26.23294858342077,0.8485288468680434,1.710544133578623,True,FAIL,FAIL,FAIL,FAIL,FAIL,FAIL,FAIL,FAIL,actuated_tsp,2019-02-02,weekend
d1,101.0,101.0,0.0,0.0,0.0,100.0,0.0,0.0,0.0,1.0,0.0,1.0,1.0,False,excellent,excellent,excellent,excellent,excellent,excellent,excellent,pass,actuated_tsp,2019-02-03,weekend
d2,207.0,207.0,0.0,0.0,0.0,100.0,0.0,0.0,0.0,1.0,0.0,1.0,1.0,False,excellent,excellent,excellent,excellent,excellent,excellent,excellent,pass,actuated_tsp,2019-02-03,weekend
d3,207.0,207.0,0.0,0.0,0.0,100.0,0.0,0.0,0.0,1.0,0.0,1.0,1.0,True,excellent,excellent,excellent,excellent,excellent,excellent,excellent,pass,actuated_tsp,2019-02-03,weekend
d4,1018.0,1014.0,0.1254911610276317,0.0,0.0785081015728861,100.0,1.1787819253438114,0.3929273084479371,0.3132476076555023,0.999591776565707,-0.3929273084479371,0.9998975479816952,0.9972008342573055,False,excellent,excellent,excellent,excellent,excellent,excellent,excellent,pass,actuated_tsp,2019-02-03,weekend
d5,1616.0,1594.0,0.5491426339292497,0.0,0.2641724412033909,100.0,2.3870422675725136,1.3613861386138617,0.9512040259950688,0.997705007033043,-1.3613861386138617,0.9994084007099192,0.9956553016826588,False,excellent,excellent,excellent,excellent,excellent,excellent,excellent,pass,actuated_tsp,2019-02-03,weekend
d6,207.0,208.0,0.0694210134500623,0.0,0.0,100.0,2.366656756312249,0.4830917874396135,0.5555555555555555,0.9978615343491044,0.4830917874396135,0.999466097170315,0.988394191060974,True,excellent,excellent,excellent,excellent,excellent,excellent,excellent,pass,actuated_tsp,2019-02-03,weekend
d7,208.0,208.0,0.0,0.0,0.0,100.0,0.0,0.0,0.0,1.0,0.0,1.0,1.0,False,excellent,excellent,excellent,excellent,excellent,excellent,excellent,pass,actuated_tsp,2019-02-03,weekend
d8,210.0,227.0,1.1500671555359552,0.282842712474619,0.7379576655169768,100.0,14.93751156319821,10.952380952380953,9.033424908424909,0.9167512690355332,8.095238095238095,0.9798302791784528,1.1315360497022182,True,excellent,pass,FAIL,pass,pass,pass,excellent,FAIL,actuated_tsp,2019-02-03,weekend
d9,1431.0,1403.0,0.743828999706597,1.3690767908774315,3.9451641123937367,95.83333333333334,35.56781561500796,25.716282320055907,25.034181098511848,0.4394947455877867,-1.9566736547868624,0.8502917812351553,1.7629567663530803,True,excellent,FAIL,FAIL,FAIL,FAIL,excellent,FAIL,FAIL,actuated_tsp,2019-02-03,weekend
d10,700.0,665.0,1.3397282541141673,0.8413559806578332,2.9138575870717927,100.0,29.067128499108293,21.0,26.262166692220777,0.7511301336924112,-5.0,0.933569530558016,1.1095798022451184,True,excellent,FAIL,FAIL,FAIL,FAIL,excellent,pass,FAIL,actuated_tsp,2019-02-03,weekend
d1,139.0,139.0,0.0,0.0,0.0,100.0,0.0,0.0,0.0,1.0,0.0,1.0,1.0,False,excellent,excellent,excellent,excellent,excellent,excellent,excellent,pass,actuated_tsp,2019-02-04,weekday
d2,284.0,284.0,0.0,0.0,0.0,100.0,0.0,0.0,0.0,1.0,0.0,1.0,1.0,False,excellent,excellent,excellent,excellent,excellent,excellent,excellent,pass,actuated_tsp,2019-02-04,weekday
d3,288.0,284.0,0.236524958395633,0.0,0.2516550723878663,100.0,4.166666666666666,2.083333333333333,10.178995840760544,0.993212669683258,-1.3888888888888888,0.9983268265476856,1.0322663273069614,True,excellent,excellent,excellent,pass,excellent,excellent,excellent,FAIL,actuated_tsp,2019-02-04,weekday
d4,1066.0,1056.0,0.3070027799227584,0.0,0.1293179820892965,100.0,1.5919852484500132,0.9380863039399624,0.595948816208879,0.999376682740172,-0.9380863039399624,0.9998417804968092,0.9878099969299928,False,excellent,excellent,excellent,excellent,excellent,excellent,excellent,pass,actuated_tsp,2019-02-04,weekday
d5,3016.0,2908.0,1.9844091843514924,0.3132627305760334,0.6326386925573652,100.0,5.503579289455287,3.580901856763925,2.30930222592092,0.9946854148277544,-3.580901856763926,0.9986105485347824,0.9558598833066966,False,excellent,pass,excellent,excellent,excellent,excellent,excellent,pass,actuated_tsp,2019-02-04,weekday
d6,288.0,286.0,0.118056267220191,0.0,0.3098466024458038,100.0,5.892556509887896,2.083333333333333,6.415343915343915,0.9874213836477987,-0.6944444444444444,0.9968487394957984,1.021980647783726,True,excellent,pass,excellent,pass,excellent,excellent,excellent,FAIL,actuated_tsp,2019-02-04,weekday
d7,285.0,286.0,0.0591829956172182,0.0,0.0,100.0,1.71894017037416,0.3508771929824561,0.7142857142857143,0.9989277576732342,0.3508771929824561,0.999730603448276,1.0,False,excellent,excellent,excellent,excellent,excellent,excellent,excellent,pass,actuated_tsp,2019-02-04,weekday
d8,287.0,311.0,1.3879558367189766,0.242614351912772,0.6475173909422449,100.0,14.68383798307002,9.75609756097561,9.422910830999069,0.9208520878827042,8.362369337979095,0.9821335157538932,1.1561952969835327,True,excellent,pass,pass,pass,pass,pass,excellent,FAIL,actuated_tsp,2019-02-04,weekday
d9,2137.0,2073.0,1.3949348480856734,1.3988350255468711,2.66,100.0,14.527736387033976,12.26017781937295,20.24217164853195,0.9481371193781448,-2.9948525970987365,0.9883860314265428,1.1679963073841482,True,excellent,pass,FAIL,FAIL,pass,excellent,excellent,FAIL,actuated_tsp,2019-02-04,weekday
d10,857.0,913.0,1.88241940726788,1.2687508572985822,2.56212123018964,100.0,29.76936983729657,23.803967327887975,35.01562848698679,0.8160477742198959,6.534422403733956,0.9523463499616176,0.7510277015328611,True,excellent,FAIL,FAIL,FAIL,FAIL,pass,excellent,pass,actuated_tsp,2019-02-04,weekday
d1,139.0,139.0,0.0,0.0,0.0,100.0,0.0,0.0,0.0,1.0,0.0,1.0,1.0,False,excellent,excellent,excellent,excellent,excellent,excellent,excellent,pass,actuated_tsp,2019-02-05,weekday
d2,280.0,280.0,0.0,0.0,0.2461829819586654,100.0,3.4992710611188262,1.4285714285714286,1.2524509803921569,0.9954921111945906,0.0,0.9988717562993606,1.0,False,excellent,excellent,excellent,excellent,excellent,excellent,excellent,pass,actuated_tsp,2019-02-05,weekday
d3,281.0,281.0,0.0,0.0,0.0,100.0,2.465552750987725,0.7117437722419928,0.6458333333333333,0.9977752027809964,0.0,0.9994434911654224,1.0,True,excellent,excellent,excellent,excellent,excellent,excellent,excellent,pass,actuated_tsp,2019-02-05,weekday
d4,1234.0,1221.0,0.3710501418128115,0.0,0.2005411129271671,100.0,1.8192823598576704,1.053484602917342,0.9385789394119874,0.9992725971169444,-1.053484602917342,0.9998156374554458,0.9879896737849126,False,excellent,excellent,excellent,excellent,excellent,excellent,excellent,pass,actuated_tsp,2019-02-05,weekday
d5,3509.0,3373.0,2.31844379557628,0.3871221680980334,0.771314297721751,100.0,5.279469331164165,3.875748076375036,2.866133538942488,0.9949911725253554,-3.875748076375036,0.9986928261905222,0.97319042538271,False,pass,pass,excellent,excellent,excellent,excellent,excellent,pass,actuated_tsp,2019-02-05,weekday
d6,283.0,284.0,0.0593913870916498,0.0,0.0,100.0,1.7310881574439425,0.3533568904593639,0.3401360544217687,0.998866159588038,0.3533568904593639,0.9997173278055216,0.9897852275862512,True,excellent,excellent,excellent,excellent,excellent,excellent,excellent,pass,actuated_tsp,2019-02-05,weekday
d7,283.0,284.0,0.0593913870916498,0.0,0.0,100.0,1.7310881574439425,0.3533568904593639,0.6802721088435374,0.9988763518891334,0.3533568904593639,0.9997176470588236,1.0,False,excellent,excellent,excellent,excellent,excellent,excellent,excellent,pass,actuated_tsp,2019-02-05,weekday
d8,283.0,313.0,1.737853339090477,0.258306559859913,0.6519960159204451,100.0,15.865685032256996,11.307420494699649,10.994397759103643,0.9058251973653476,10.60070671378092,0.9794996601919534,1.209102532463708,True,excellent,FAIL,FAIL,pass,pass,FAIL,excellent,FAIL,actuated_tsp,2019-02-05,weekday
d9,2535.0,2394.0,2.8402377893301707,1.4750084985454763,3.313314160747852,100.0,15.271928374383704,12.82051282051282,22.472190378500425,0.9435054442161492,-5.562130177514793,0.986852892791209,1.1406814685528424,True,pass,FAIL,FAIL,FAIL,pass,pass,excellent,FAIL,actuated_tsp,2019-02-05,weekday
d10,949.0,1052.0,3.256332008706197,1.382260545816976,3.5016428099153987,100.0,38.85432473013509,28.13487881981033,32.40392558626565,0.6175387566915245,10.853530031612223,0.918387012994289,1.0854893687600913,True,pass,FAIL,FAIL,FAIL,FAIL,FAIL,pass,FAIL,actuated_tsp,2019-02-05,weekday
d1,139.0,139.0,0.0,0.0,0.0,100.0,0.0,0.0,0.0,1.0,0.0,1.0,1.0,False,excellent,excellent,excellent,excellent,excellent,excellent,excellent,pass,actuated_tsp,2019-02-06,weekday
d2,285.0,284.0,0.0592869166728752,0.0,0.0,100.0,3.843667070211692,1.0526315789473684,0.900735294117647,0.9945570825962716,-0.3508771929824561,0.9986320109439124,1.0023014990165762,False,excellent,excellent,excellent,excellent,excellent,excellent,excellent,FAIL,actuated_tsp,2019-02-06,weekday
d3,284.0,285.0,0.0592869166728752,0.0,0.1673320053068149,100.0,2.987775131774145,1.056338028169014,0.9453781512605042,0.99669360764144,0.352112676056338,0.9991760505355672,1.0073620625788688,True,excellent,excellent,excellent,excellent,excellent,excellent,excellent,FAIL,actuated_tsp,2019-02-06,weekday
d4,1313.0,1295.0,0.4984638980595401,0.0,0.2268499293543011,100.0,2.47495457871621,1.3709063214013708,0.8351313058705914,0.998534161939015,-1.3709063214013708,0.9996254644453682,1.012483855912947,False,excellent,excellent,excellent,excellent,excellent,excellent,excellent,FAIL,actuated_tsp,2019-02-06,weekday
d5,3579.0,3431.0,2.4998716086860155,0.4143620568138628,0.8684152287515015,100.0,5.813828132390032,4.1352333053925685,2.6888654371459157,0.9936110072004553,-4.135233305392568,0.9983181000497392,0.9780725819117096,False,pass,pass,excellent,excellent,excellent,excellent,excellent,pass,actuated_tsp,2019-02-06,weekday
d6,283.0,284.0,0.0593913870916498,0.0,0.2461829819586654,100.0,3.870830795089514,1.76678445229682,1.787173202614379,0.994611827039648,0.3533568904593639,0.9986492570914004,0.9932809989409556,True,excellent,excellent,excellent,excellent,excellent,excellent,excellent,pass,actuated_tsp,2019-02-06,weekday
d7,284.0,284.0,0.0,0.0,0.0,100.0,2.439508179674475,0.704225352112676,0.6274509803921569,0.9978662873399716,0.0,0.9994657168299198,0.9964850506356584,False,excellent,excellent,excellent,excellent,excellent,excellent,excellent,pass,actuated_tsp,2019-02-06,weekday
d8,287.0,317.0,1.726306012945308,0.2984987121426993,0.6382400827240409,100.0,15.07547571622574,11.149825783972124,10.955065359477128,0.9149361566774208,10.452961672473869,0.9814939301672664,1.1771636613972951,True,excellent,FAIL,FAIL,pass,pass,FAIL,excellent,FAIL,actuated_tsp,2019-02-06,weekday
d9,2553.0,2440.0,2.261583663040327,1.2763633996782224,2.8774802902647965,100.0,15.6423607918155,13.200156678417546,18.46728536285944,0.9438471069535154,-4.426165295730513,0.9863434566699536,1.1533548465685852,True,pass,FAIL,FAIL,FAIL,pass,excellent,excellent,FAIL,actuated_tsp,2019-02-06,weekday
d10,969.0,1120.0,4.672213986194426,1.516897967849773,3.0598166815837238,100.0,31.93910246695187,25.696594427244584,72.90902083637901,0.7735940037299409,15.583075335397316,0.948978140565798,0.9957160145741302,True,pass,FAIL,FAIL,FAIL,FAIL,FAIL,pass,pass,actuated_tsp,2019-02-06,weekday
d1,139.0,139.0,0.0,0.0,0.0,100.0,0.0,0.0,0.0,1.0,0.0,1.0,1.0,False,excellent,excellent,excellent,excellent,excellent,excellent,excellent,pass,actuated_tsp,2019-02-07,weekday
d2,284.0,282.0,0.1188876596555528,0.0,0.0,100.0,2.439508179674475,0.704225352112676,0.6458333333333333,0.997800586510264,-0.704225352112676,0.9994459833795014,1.0141183456369114,False,excellent,excellent,excellent,excellent,excellent,excellent,excellent,FAIL,actuated_tsp,2019-02-07,weekday
d3,284.0,284.0,0.0,0.0,0.0,100.0,0.0,0.0,0.0,1.0,0.0,1.0,1.0,True,excellent,excellent,excellent,excellent,excellent,excellent,excellent,pass,actuated_tsp,2019-02-07,weekday
d4,1346.0,1331.0,0.4099983144548386,0.0,0.216915517188934,100.0,2.330518148790212,1.1144130757800892,0.8015713026627214,0.9987255140685632,-1.1144130757800892,0.9996756773860124,1.004982883976188,False,excellent,excellent,excellent,excellent,excellent,excellent,excellent,FAIL,actuated_tsp,2019-02-07,weekday
d5,3680.0,3546.0,2.229311814268396,0.2969334394655022,0.9029289420373642,100.0,5.162757429146921,3.641304347826087,2.7133172934689576,0.9947230538922156,-3.641304347826087,0.9986181782247918,0.965148981916179,False,pass,pass,excellent,excellent,excellent,excellent,excellent,pass,actuated_tsp,2019-02-07,weekday
d6,286.0,285.0,0.0591829956172182,0.0,0.3343877198849109,100.0,5.681145737507665,3.146853146853147,4.501458916900093,0.9887275832621693,-0.3496503496503496,0.9971067859021568,0.9599107101332768,True,excellent,pass,excellent,excellent,excellent,excellent,excellent,pass,actuated_tsp,2019-02-07,weekday
d7,284.0,285.0,0.0592869166728752,0.0,0.0,100.0,1.724992776607872,0.352112676056338,0.7142857142857143,0.9989331436699858,0.352112676056338,0.9997319753417314,1.0,False,excellent,excellent,excellent,excellent,excellent,excellent,excellent,pass,actuated_tsp,2019-02-07,weekday
d8,285.0,316.0,1.7882962080670588,0.2461829819586654,0.7171371656006361,100.0,15.660290248716771,10.87719298245614,9.65546218487395,0.907223697079782,10.87719298245614,0.9801672640382316,1.2308533625091171,True,excellent,FAIL,FAIL,pass,pass,FAIL,excellent,FAIL,actuated_tsp,2019-02-07,weekday
d9,2551.0,2509.0,0.8350049111119213,1.423659685314514,3.0403486790223755,100.0,17.842301675044357,13.64170913367307,20.08928044107932,0.9128159699353804,-1.6464131713053705,0.980552988712608,1.1844910122499892,True,excellent,FAIL,FAIL,FAIL,pass,excellent,excellent,FAIL,actuated_tsp,2019-02-07,weekday
d10,1115.0,1152.0,1.0989829681035723,1.2122303882356986,3.702980085109701,95.83333333333334,29.718460135929845,22.869955156950677,69.78749078520168,0.8150615366735667,3.318385650224215,0.9517631420909344,1.0040411980306616,True,excellent,FAIL,FAIL,FAIL,FAIL,excellent,excellent,FAIL,actuated_tsp,2019-02-07,weekday
d1,142.0,142.0,0.0,0.0,0.0,100.0,0.0,0.0,0.0,1.0,0.0,1.0,1.0,False,excellent,excellent,excellent,excellent,excellent,excellent,excellent,pass,actuated_tsp,2019-02-08,weekday
d2,290.0,290.0,0.0,0.0,0.0,100.0,2.389035596646727,0.689655172413793,0.6066176470588236,0.9977872026553568,0.0,0.9994464944649446,0.9895830492682076,False,excellent,excellent,excellent,excellent,excellent,excellent,excellent,pass,actuated_tsp,2019-02-08,weekday
d3,290.0,290.0,0.0,0.0,0.0,100.0,2.389035596646727,0.689655172413793,0.6066176470588236,0.9977872026553568,0.0,0.9994464944649446,0.9895830492682076,True,excellent,excellent,excellent,excellent,excellent,excellent,excellent,pass,actuated_tsp,2019-02-08,weekday
d4,1580.0,1569.0,0.2772179532159942,0.0,0.1884866723160755,100.0,1.487005079046928,0.6962025316455696,0.4424171882081421,0.9993109095993288,-0.6962025316455697,0.9998255209716206,0.9904550501020316,False,excellent,excellent,excellent,excellent,excellent,excellent,excellent,pass,actuated_tsp,2019-02-08,weekday
d5,3914.0,3752.0,2.616649813859208,0.3582065647553201,1.0293072208292964,100.0,6.0805211162569295,4.138988247317322,2.863898231531775,0.9913647953194265,-4.1389882473173225,0.997711735564542,0.9431102104258996,False,pass,pass,excellent,excellent,excellent,excellent,excellent,pass,actuated_tsp,2019-02-08,weekday
d6,292.0,291.0,0.0585707412657422,0.0,0.0,100.0,1.6777327005364235,0.3424657534246575,0.2777777777777777,0.998939929328622,-0.3424657534246575,0.9997334044254864,0.9901085600225468,True,excellent,excellent,excellent,excellent,excellent,excellent,excellent,pass,actuated_tsp,2019-02-08,weekday
d7,290.0,291.0,0.0586714648848857,0.0,0.0,100.0,1.6893032708849502,0.3448275862068965,0.7142857142857143,0.9989427312775332,0.3448275862068966,0.9997343251859724,1.0,False,excellent,excellent,excellent,excellent,excellent,excellent,excellent,pass,actuated_tsp,2019-02-08,weekday
d8,297.0,330.0,1.863782232592187,0.2543979238390553,0.9428090415820634,100.0,17.378434882914398,12.457912457912458,12.772687280040223,0.8828650573802929,11.11111111111111,0.973991740620332,1.2498648575594733,True,excellent,FAIL,FAIL,pass,FAIL,FAIL,excellent,FAIL,actuated_tsp,2019-02-08,weekday
d9,2819.0,2695.0,2.361583479884381,1.9272813357008705,3.3532347106398985,100.0,17.284331964858403,14.686058886129835,20.32449420197684,0.8901181398470315,-4.398722951401206,0.9761150014869772,1.0938848138971706,True,pass,FAIL,FAIL,FAIL,FAIL,excellent,excellent,FAIL,actuated_tsp,2019-02-08,weekday
d10,1107.0,1346.0,6.8243945061119495,2.1266637535578736,4.911974077779823,91.66666666666666,45.263131915692064,34.59801264679314,68.35991470286417,0.4528944529794397,21.58988256549232,0.878802536387986,1.111192157374268,True,FAIL,FAIL,FAIL,FAIL,FAIL,FAIL,FAIL,FAIL,actuated_tsp,2019-02-08,weekday
d1,130.0,130.0,0.0,0.0,0.0,100.0,0.0,0.0,0.0,1.0,0.0,1.0,1.0,False,excellent,excellent,excellent,excellent,excellent,excellent,excellent,pass,actuated_tsp,2019-02-09,weekend
d2,262.0,261.0,0.0618392414103106,0.0,0.0,100.0,1.8698394983077693,0.381679389312977,0.2941176470588235,0.9988260614361182,-0.3816793893129771,0.9997044917257684,0.9667364890456636,False,excellent,excellent,excellent,excellent,excellent,excellent,excellent,pass,actuated_tsp,2019-02-09,weekend
d3,265.0,262.0,0.1848123310901092,0.0,0.2064187386168557,100.0,3.2019929714107818,1.1320754716981134,1.875,0.9964070063376416,-1.1320754716981132,0.9991101865106746,0.9217144471710824,True,excellent,excellent,excellent,excellent,excellent,excellent,excellent,pass,actuated_tsp,2019-02-09,weekend
d4,2060.0,1999.0,1.3540518883644548,0.1554480190959774,0.4697081497420598,100.0,4.809501388932365,2.9611650485436893,1.954196052521096,0.9939289884616146,-2.9611650485436893,0.9984032633982076,0.9993158699352266,False,excellent,excellent,excellent,excellent,excellent,excellent,excellent,pass,actuated_tsp,2019-02-09,weekend
d5,2628.0,2555.0,1.4339937336575128,0.2497468226363524,0.6021639047105928,100.0,3.797557062366713,2.7777777777777777,2.3221566770240423,0.99488689566803,-2.7777777777777777,0.9986760882395164,0.9882679318144484,False,excellent,excellent,excellent,excellent,excellent,excellent,excellent,pass,actuated_tsp,2019-02-09,weekend
d6,266.0,266.0,0.0,0.0,0.2440418039311294,100.0,3.683443222230343,1.5037593984962403,1.3194444444444444,0.9953801732435034,0.0,0.998838334946757,0.9766867720468236,True,excellent,excellent,excellent,excellent,excellent,excellent,excellent,pass,actuated_tsp,2019-02-09,weekend
d7,266.0,266.0,0.0,0.0,0.0,100.0,0.0,0.0,0.0,1.0,0.0,1.0,1.0,False,excellent,excellent,excellent,excellent,excellent,excellent,excellent,pass,actuated_tsp,2019-02-09,weekend
d8,267.0,303.0,2.1324559599327326,0.4714045207910317,1.3106629839560755,100.0,20.43173287937956,15.730337078651685,15.601338612368028,0.8538812785388128,13.48314606741573,0.9687573815410296,1.3254270092150515,True,pass,FAIL,FAIL,FAIL,FAIL,FAIL,excellent,FAIL,actuated_tsp,2019-02-09,weekend
d9,2384.0,2365.0,0.3899128194074422,2.005422219868855,4.611183539937236,95.83333333333334,24.759268424392715,19.58892617449664,21.304979450533345,0.6123769514214001,-0.7969798657718121,0.9299922572625002,1.6151266367804524,True,excellent,FAIL,FAIL,FAIL,FAIL,excellent,pass,FAIL,actuated_tsp,2019-02-09,weekend
d10,983.0,1339.0,10.448017421730736,2.470698322848916,3.964604792468464,100.0,50.66736900516258,42.7263479145473,48.26070544067861,0.1918028247022987,36.21566632756867,0.8698206148321954,1.6674870573086271,True,FAIL,FAIL,FAIL,FAIL,FAIL,FAIL,FAIL,FAIL,actuated_tsp,2019-02-09,weekend
d1,101.0,101.0,0.0,0.0,0.0,100.0,0.0,0.0,0.0,1.0,0.0,1.0,1.0,False,excellent,excellent,excellent,excellent,excellent,excellent,excellent,pass,actuated_tsp,2019-02-10,weekend
d2,206.0,206.0,0.0,0.0,0.0,100.0,0.0,0.0,0.0,1.0,0.0,1.0,1.0,False,excellent,excellent,excellent,excellent,excellent,excellent,excellent,pass,actuated_tsp,2019-02-10,weekend
d3,206.0,206.0,0.0,0.0,0.0,100.0,0.0,0.0,0.0,1.0,0.0,1.0,1.0,True,excellent,excellent,excellent,excellent,excellent,excellent,excellent,pass,actuated_tsp,2019-02-10,weekend
d4,1167.0,1160.0,0.2052177143200236,0.0,0.1119589410207415,100.0,1.2593777597856954,0.5998286203941731,0.3659427141186069,0.9996205033601264,-0.5998286203941731,0.9999039948797268,0.990518304401076,False,excellent,excellent,excellent,excellent,excellent,excellent,excellent,pass,actuated_tsp,2019-02-10,weekend
d5,1537.0,1518.0,0.4861418300116442,0.0,0.2475035230124914,100.0,2.231155263432953,1.2361743656473647,0.8973363034913103,0.9986004381961362,-1.236174365647365,0.9996419079546118,0.9813067629253162,False,excellent,excellent,excellent,excellent,excellent,excellent,excellent,pass,actuated_tsp,2019-02-10,weekend
d6,209.0,208.0,0.0692543361064443,0.0,0.1979898987322331,100.0,4.059943241262474,1.4354066985645932,1.3247863247863247,0.9936836564610932,-0.4784688995215311,0.9983954359065788,0.9799578870122228,True,excellent,excellent,excellent,excellent,excellent,excellent,excellent,pass,actuated_tsp,2019-02-10,weekend
d7,208.0,208.0,0.0,0.0,0.0,100.0,0.0,0.0,0.0,1.0,0.0,1.0,1.0,False,excellent,excellent,excellent,excellent,excellent,excellent,excellent,pass,actuated_tsp,2019-02-10,weekend
d8,207.0,229.0,1.490028015252912,0.282842712474619,0.9900978264479412,100.0,17.066204572614197,10.628019323671497,11.130827505827504,0.889273356401384,10.628019323671497,0.9746380124980948,1.2181424250644648,True,excellent,FAIL,FAIL,pass,FAIL,FAIL,excellent,FAIL,actuated_tsp,2019-02-10,weekend
d9,1374.0,1395.0,0.5643815587691154,1.4445824576259358,4.33405089829037,91.66666666666666,38.29373147317686,27.14701601164483,25.80586987120512,0.3887284385681354,1.5283842794759823,0.8703218625985093,1.3743781468298837,True,excellent,FAIL,FAIL,FAIL,FAIL,excellent,FAIL,FAIL,actuated_tsp,2019-02-10,weekend
d10,704.0,760.0,2.069819558672804,1.763869248900136,2.8712196779460104,100.0,33.11091428257606,28.125,39.4772867767952,0.7030949466689981,7.954545454545454,0.9306844468635188,1.2449742840692553,True,pass,FAIL,FAIL,FAIL,FAIL,pass,pass,FAIL,actuated_tsp,2019-02-10,weekend
d1,139.0,139.0,0.0,0.0,0.0,100.0,0.0,0.0,0.0,1.0,0.0,1.0,1.0,False,excellent,excellent,excellent,excellent,excellent,excellent,excellent,pass,actuated_tsp,2019-02-11,weekday
d2,284.0,283.0,0.0593913870916498,0.0,0.1723280873710656,100.0,2.987775131774145,1.056338028169014,0.9191176470588236,0.9967153284671532,-0.352112676056338,0.9991748418446867,1.007083913821819,False,excellent,excellent,excellent,excellent,excellent,excellent,excellent,FAIL,actuated_tsp,2019-02-11,weekday
d3,286.0,284.0,0.1184697755518184,0.0,0.2461829819586654,100.0,4.195804195804196,2.097902097902098,1.8665382819794585,0.9935333213580024,-0.6993006993006993,0.9983698605325122,0.9952940915319944,True,excellent,excellent,excellent,excellent,excellent,excellent,excellent,pass,actuated_tsp,2019-02-11,weekday
d4,1028.0,1022.0,0.1874085142663273,0.0,0.1040398422809227,100.0,1.5069974109756483,0.5836575875486382,0.3597264440573638,0.999543365094828,-0.5836575875486382,0.9998849190213512,1.0092467720848564,False,excellent,excellent,excellent,excellent,excellent,excellent,excellent,FAIL,actuated_tsp,2019-02-11,weekday
d5,2873.0,2776.0,1.825160010396642,0.2350187761135536,0.7700334548259792,100.0,4.897754013042217,3.376261747302472,2.3228528787498632,0.9956133111635692,-3.3762617473024714,0.9988588196183432,0.9732099573493196,False,excellent,excellent,excellent,excellent,excellent,excellent,excellent,pass,actuated_tsp,2019-02-11,weekday
d6,288.0,287.0,0.0589767824619588,0.0,0.2390457218668787,100.0,4.500514373894348,1.7361111111111112,1.6830065359477124,0.9926624737945492,-0.3472222222222222,0.9981378026070764,0.981761387347632,True,excellent,excellent,excellent,excellent,excellent,excellent,excellent,pass,actuated_tsp,2019-02-11,weekday
d7,286.0,287.0,0.0590796191267391,0.0,0.0,100.0,1.7129298900581666,0.3496503496503496,0.7142857142857143,0.9989268467179396,0.3496503496503496,0.9997303613158368,1.0,False,excellent,excellent,excellent,excellent,excellent,excellent,excellent,pass,actuated_tsp,2019-02-11,weekday
d8,286.0,311.0,1.4469977004330816,0.242614351912772,0.7321254117933883,100.0,13.595959507149358,9.440559440559442,8.526202147525677,0.9320998742590264,8.741258741258742,0.9844007923407064,0.9931270663228416,True,excellent,pass,pass,pass,pass,pass,excellent,pass,actuated_tsp,2019-02-11,weekday
d9,2012.0,1954.0,1.3024667236876597,1.1865215046795694,2.8695260504847564,100.0,13.460286981956864,10.536779324055669,20.495861981694592,0.959337549785777,-2.8827037773359843,0.9903667526878104,1.026600664036847,True,excellent,pass,FAIL,FAIL,excellent,excellent,excellent,FAIL,actuated_tsp,2019-02-11,weekday
d10,894.0,883.0,0.3690319508580252,1.2323325126254376,2.877481583023224,95.83333333333334,35.635835428570935,24.04921700223714,29.4243031626354,0.7057575230474865,-1.2304250559284116,0.9298137882962128,1.1435614422606004,True,excellent,FAIL,FAIL,FAIL,FAIL,excellent,pass,FAIL,actuated_tsp,2019-02-11,weekday
d1,139.0,139.0,0.0,0.0,0.0,100.0,0.0,0.0,0.0,1.0,0.0,1.0,1.0,False,excellent,excellent,excellent,excellent,excellent,excellent,excellent,pass,actuated_tsp,2019-02-12,weekday
d2,284.0,284.0,0.0,0.0,0.2461829819586654,100.0,3.449985553215744,1.408450704225352,1.2762605042016806,0.995601173020528,0.0,0.9989027066569128,1.0,False,excellent,excellent,excellent,excellent,excellent,excellent,excellent,pass,actuated_tsp,2019-02-12,weekday
d3,285.0,284.0,0.0592869166728752,0.0,0.1673320053068149,100.0,2.977291710259148,1.0526315789473684,0.8843954248366013,0.9967413441955192,-0.3508771929824561,0.9991796554552912,0.9792364931869324,True,excellent,excellent,excellent,excellent,excellent,excellent,excellent,pass,actuated_tsp,2019-02-12,weekday
d4,1266.0,1260.0,0.1688299823650058,0.0,0.1006773389363593,100.0,1.2236914206026592,0.4739336492890995,0.2705570024024387,0.9996722010063428,-0.4739336492890995,0.9999173895084676,1.0,False,excellent,excellent,excellent,excellent,excellent,excellent,excellent,pass,actuated_tsp,2019-02-12,weekday
d5,3049.0,2939.0,2.010327377733453,0.2211401789350791,0.8169326783277391,100.0,5.46294859000512,3.607740242702525,2.426268175637232,0.994221299003828,-3.607740242702525,0.9984893039189016,0.9718820344473226,False,pass,pass,excellent,excellent,excellent,excellent,excellent,pass,actuated_tsp,2019-02-12,weekday
d6,285.0,283.0,0.1186781658193853,0.0,0.1723280873710656,100.0,4.2105263157894735,1.4035087719298245,1.151315789473684,0.9935940210863472,-0.7017543859649122,0.9983764037342714,0.9872062961643028,True,excellent,excellent,excellent,excellent,excellent,excellent,excellent,pass,actuated_tsp,2019-02-12,weekday
d7,282.0,283.0,0.0594964117308729,0.0,0.0,100.0,1.737226767931332,0.3546099290780142,0.7142857142857143,0.9989112683723462,0.3546099290780142,0.99972647702407,1.0,False,excellent,excellent,excellent,excellent,excellent,excellent,excellent,pass,actuated_tsp,2019-02-12,weekday
d8,287.0,316.0,1.6701456227906295,0.2390457218668787,0.9619424625763512,100.0,17.49115038050332,10.801393728222996,9.614787581699346,0.8867263001753045,10.104529616724738,0.9751292473143042,1.1584434996974786,True,excellent,FAIL,FAIL,pass,FAIL,FAIL,excellent,FAIL,actuated_tsp,2019-02-12,weekday
d9,2143.0,2108.0,0.7591672938191586,1.0860433620769347,2.3757550797565714,100.0,13.721942049287367,11.059262715818944,18.56981383789609,0.9550170184365095,-1.6332244517032195,0.989443170974922,1.0531366213086242,True,excellent,pass,FAIL,FAIL,excellent,excellent,excellent,FAIL,actuated_tsp,2019-02-12,weekday
d10,950.0,1080.0,4.08047133373324,1.5890238848747444,3.68727280944672,95.83333333333334,39.23930416928606,29.26315789473684,49.21694777729151,0.665198577527635,13.68421052631579,0.9249003968273984,1.082146221442214,True,pass,FAIL,FAIL,FAIL,FAIL,FAIL,pass,FAIL,actuated_tsp,2019-02-12,weekday
d1,139.0,139.0,0.0,0.0,0.0,100.0,0.0,0.0,0.0,1.0,0.0,1.0,1.0,False,excellent,excellent,excellent,excellent,excellent,excellent,excellent,pass,actuated_tsp,2019-02-13,weekday
d2,284.0,281.0,0.1784892351926189,0.0,0.1778001778002665,100.0,2.987775131774145,1.056338028169014,0.9791666666666669,0.9967367657722987,-1.056338028169014,0.9991754466330738,1.0149103006940738,False,excellent,excellent,excellent,excellent,excellent,excellent,excellent,FAIL,actuated_tsp,2019-02-13,weekday
d3,285.0,284.0,0.0592869166728752,0.0,0.1673320053068149,100.0,2.977291710259148,1.0526315789473684,5.359477124183006,0.9966615662818196,-0.3508771929824561,0.9991778569471088,1.014301032416974,True,excellent,excellent,excellent,pass,excellent,excellent,excellent,FAIL,actuated_tsp,2019-02-13,weekday
d4,1238.0,1230.0,0.2277363769238287,0.0,0.1051917210920019,100.0,1.7697013166564333,0.6462035541195477,0.329765518719007,0.9993202327070032,-0.6462035541195477,0.9998276307851418,0.97551435729238,False,excellent,excellent,excellent,excellent,excellent,excellent,excellent,pass,actuated_tsp,2019-02-13,weekday
d5,3364.0,3225.0,2.42169834130422,0.3833396994056423,0.8127522368272031,100.0,5.870516545223395,4.131985731272295,3.23801028789846,0.99325735467006,-4.131985731272295,0.9982232339765772,0.9778201753850272,False,pass,pass,excellent,excellent,excellent,excellent,excellent,pass,actuated_tsp,2019-02-13,weekday
d6,289.0,286.0,0.1769303473858765,0.0,0.1723280873710656,100.0,2.9360835204977755,1.0380622837370244,5.322128851540616,0.9967283137183623,-1.038062283737024,0.9991837475058952,0.9978425001834778,True,excellent,excellent,excellent,pass,excellent,excellent,excellent,pass,actuated_tsp,2019-02-13,weekday
d7,286.0,286.0,0.0,0.0,0.0,100.0,0.0,0.0,0.0,1.0,0.0,1.0,1.0,False,excellent,excellent,excellent,excellent,excellent,excellent,excellent,pass,actuated_tsp,2019-02-13,weekday
d8,286.0,316.0,1.7291712531127048,0.258306559859913,0.6614451634809286,100.0,15.51123986910408,10.48951048951049,9.33894618453442,0.9120014308710428,10.48951048951049,0.9805100915735196,1.1126030121094703,True,excellent,FAIL,FAIL,pass,pass,FAIL,excellent,FAIL,actuated_tsp,2019-02-13,weekday
d9,2368.0,2303.0,1.3450035196957686,1.2285631097766505,3.226397290867223,100.0,15.341427874885746,11.951013513513512,20.127013258340188,0.9291378155014518,-2.7449324324324325,0.9849936825559406,1.149496325042948,True,excellent,FAIL,FAIL,FAIL,pass,excellent,excellent,FAIL,actuated_tsp,2019-02-13,weekday
d10,956.0,1054.0,3.0913134595949074,1.008248290463863,2.348342566577048,95.83333333333334,35.124021538828174,22.17573221757322,31.302616436400616,0.7369737234995521,10.251046025104603,0.93873967331303,0.8952353397139348,True,pass,FAIL,FAIL,FAIL,FAIL,FAIL,pass,pass,actuated_tsp,2019-02-13,weekday
d1,139.0,139.0,0.0,0.0,0.0,100.0,0.0,0.0,0.0,1.0,0.0,1.0,1.0,False,excellent,excellent,excellent,excellent,excellent,excellent,excellent,pass,actuated_tsp,2019-02-14,weekday
d2,283.0,284.0,0.0593913870916498,0.0,0.0,100.0,1.7310881574439425,0.3533568904593639,0.3125,0.9988863625817828,0.3533568904593639,0.9997229661095208,1.0027285180318335,False,excellent,excellent,excellent,excellent,excellent,excellent,excellent,FAIL,actuated_tsp,2019-02-14,weekday
d3,285.0,284.0,0.0592869166728752,0.0,0.0,100.0,1.71894017037416,0.3508771929824561,0.2941176470588235,0.99890904132006,-0.3508771929824561,0.999725802029065,1.0026702317227174,True,excellent,excellent,excellent,excellent,excellent,excellent,excellent,FAIL,actuated_tsp,2019-02-14,weekday
d4,1671.0,1656.0,0.367773011894195,0.0,0.1929421036422455,100.0,1.4658825510372102,0.8976660682226212,0.6259384255456368,0.9994933284017298,-0.8976660682226212,0.999872018675035,1.0008309463286778,False,excellent,excellent,excellent,excellent,excellent,excellent,excellent,FAIL,actuated_tsp,2019-02-14,weekday
d5,3561.0,3421.0,2.3694803489443057,0.321935725475153,0.8936252282215051,100.0,5.810735032351615,3.931479921370401,2.7402904601363227,0.9931305782164436,-3.9314799213704017,0.9981878841160018,0.964484152597896,False,pass,pass,excellent,excellent,excellent,excellent,excellent,pass,actuated_tsp,2019-02-14,weekday
d6,287.0,284.0,0.1775489868516546,0.0,0.1723280873710656,100.0,2.956544032835738,1.0452961672473866,5.322128851540616,0.9968519085304536,-1.0452961672473868,0.9992143168921868,0.9939332099323636,True,excellent,excellent,excellent,pass,excellent,excellent,excellent,pass,actuated_tsp,2019-02-14,weekday
d7,284.0,284.0,0.0,0.0,0.0,100.0,0.0,0.0,0.0,1.0,0.0,1.0,1.0,False,excellent,excellent,excellent,excellent,excellent,excellent,excellent,pass,actuated_tsp,2019-02-14,weekday
d8,285.0,326.0,2.3457312275315547,0.3846993014981192,0.8885665577077871,100.0,20.841041971814036,15.789473684210526,15.480110983787457,0.8406719956645441,14.385964912280702,0.9663302555293108,1.2645290888014875,True,pass,FAIL,FAIL,FAIL,FAIL,FAIL,excellent,FAIL,actuated_tsp,2019-02-14,weekday
d9,2738.0,2482.0,5.010945873192137,1.416340633080558,2.8366644004464088,100.0,13.384773611157176,10.518626734842952,18.49644085716121,0.9498799094208036,-9.349890430971511,0.9877952143398234,1.123362460024811,True,FAIL,pass,FAIL,FAIL,pass,pass,excellent,FAIL,actuated_tsp,2019-02-14,weekday
d10,1078.0,1426.0,9.835061489629451,1.8771074489751145,4.6292839657359375,91.66666666666666,48.218920363976025,36.5491651205937,103.47590920343664,0.4831472710439127,32.28200371057514,0.9033274194263972,1.725523730334163,True,FAIL,FAIL,FAIL,FAIL,FAIL,FAIL,pass,FAIL,actuated_tsp,2019-02-14,weekday
d1,142.0,142.0,0.0,0.0,0.0,100.0,0.0,0.0,0.0,1.0,0.0,1.0,1.0,False,excellent,excellent,excellent,excellent,excellent,excellent,excellent,pass,actuated_tsp,2019-02-15,weekday
d2,288.0,288.0,0.0,0.0,0.0,100.0,0.0,0.0,0.0,1.0,0.0,1.0,1.0,False,excellent,excellent,excellent,excellent,excellent,excellent,excellent,pass,actuated_tsp,2019-02-15,weekday
d3,288.0,288.0,0.0,0.0,0.0,100.0,2.4056261216234405,0.6944444444444444,0.6458333333333333,0.9977272727272728,0.0,0.9994327850255248,1.005221967621322,True,excellent,excellent,excellent,excellent,excellent,excellent,excellent,FAIL,actuated_tsp,2019-02-15,weekday
d4,1531.0,1521.0,0.2559898425245689,0.0,0.1120354836714248,100.0,1.5676028739386023,0.6531678641410843,0.4361973374576304,0.9991251718141294,-0.6531678641410843,0.9997786621046468,0.9835079776917622,False,excellent,excellent,excellent,excellent,excellent,excellent,excellent,pass,actuated_tsp,2019-02-15,weekday
d5,3402.0,3276.0,2.180531352934893,0.2477852372882532,0.8959058278033778,100.0,5.318369372321525,3.7037037037037033,2.777759240842168,0.9934287386695124,-3.703703703703704,0.998270133164236,0.9779044836698344,False,pass,pass,excellent,excellent,excellent,excellent,excellent,pass,actuated_tsp,2019-02-15,weekday
d6,289.0,291.0,0.1174440439029406,0.0,0.0,100.0,2.3973021558046743,0.6920415224913495,0.625,0.9978968584322832,0.6920415224913494,0.9994788273615636,1.0428326807307104,True,excellent,excellent,excellent,excellent,excellent,excellent,excellent,FAIL,actuated_tsp,2019-02-15,weekday
d7,291.0,291.0,0.0,0.0,0.0,100.0,2.380825852328354,0.6872852233676976,0.6066176470588236,0.9978692235983486,0.0,0.9994670219853432,0.9965217285917832,False,excellent,excellent,excellent,excellent,excellent,excellent,excellent,pass,actuated_tsp,2019-02-15,weekday
d8,288.0,327.0,2.224037199197584,0.3846993014981192,1.0393742273983877,100.0,18.55609613317693,13.541666666666666,13.732843137254902,0.8653846153846154,13.541666666666666,0.970301971549788,1.2470059837246077,True,pass,FAIL,FAIL,pass,FAIL,FAIL,excellent,FAIL,actuated_tsp,2019-02-15,weekday
d9,2419.0,2364.0,1.124676179381198,2.1417526033795182,3.396415969493636,100.0,20.800577783886627,16.99049193881769,20.66590883203537,0.8306740440570117,-2.273666804464655,0.9652303166270668,1.2146956009590404,True,excellent,FAIL,FAIL,FAIL,FAIL,excellent,excellent,FAIL,actuated_tsp,2019-02-15,weekday
d10,1094.0,1308.0,6.175075468024946,2.0911457252945933,4.114607212027573,91.66666666666666,38.971843443863314,30.34734917733089,64.72931371625478,0.5850279880559943,19.56124314442413,0.9020947734255806,1.2674587223666205,True,FAIL,FAIL,FAIL,FAIL,FAIL,FAIL,pass,FAIL,actuated_tsp,2019-02-15,weekday
d1,130.0,130.0,0.0,0.0,0.0,100.0,0.0,0.0,0.0,1.0,0.0,1.0,1.0,False,excellent,excellent,excellent,excellent,excellent,excellent,excellent,pass,actuated_tsp,2019-02-16,weekend
d2,265.0,265.0,0.0,0.0,0.0,100.0,0.0,0.0,0.0,1.0,0.0,1.0,1.0,False,excellent,excellent,excellent,excellent,excellent,excellent,excellent,pass,actuated_tsp,2019-02-16,weekend
d3,265.0,265.0,0.0,0.0,0.0,100.0,0.0,0.0,0.0,1.0,0.0,1.0,1.0,True,excellent,excellent,excellent,excellent,excellent,excellent,excellent,pass,actuated_tsp,2019-02-16,weekend
d4,1836.0,1813.0,0.5384630442159403,0.0,0.3093800515022674,100.0,2.545385935849221,1.252723311546841,0.8760714619246438,0.9981352459016394,-1.252723311546841,0.9995254113536208,0.980516622121318,False,excellent,excellent,excellent,excellent,excellent,excellent,excellent,pass,actuated_tsp,2019-02-16,weekend
d5,2754.0,2677.0,1.4776304140690408,0.193946376684453,0.5083298173273815,100.0,4.411428481768319,2.795933188090051,1.802479824569784,0.9958013742818814,-2.795933188090051,0.9988988021563782,0.9835304111515784,False,excellent,excellent,excellent,excellent,excellent,excellent,excellent,pass,actuated_tsp,2019-02-16,weekend
d6,268.0,263.0,0.3068582059661078,0.0,0.2461829819586654,100.0,4.087481772426614,1.865671641791045,1.4542483660130718,0.9945255474452556,-1.8656716417910448,0.9985866390276076,0.9921567416492216,True,excellent,excellent,excellent,excellent,excellent,excellent,excellent,pass,actuated_tsp,2019-02-16,weekend
d7,263.0,263.0,0.0,0.0,0.0,100.0,0.0,0.0,0.0,1.0,0.0,1.0,1.0,False,excellent,excellent,excellent,excellent,excellent,excellent,excellent,pass,actuated_tsp,2019-02-16,weekend
d8,271.0,301.0,1.773937187967248,0.2543979238390553,1.2652483743058405,100.0,17.526704187509843,11.07011070110701,10.73091736694678,0.8935397102543532,11.07011070110701,0.975765908993254,1.3128508048412653,True,excellent,FAIL,FAIL,pass,FAIL,FAIL,excellent,FAIL,actuated_tsp,2019-02-16,weekend
d9,2295.0,2362.0,1.3884705785729885,1.975812932958596,4.24835108531017,100.0,28.16015176717071,22.35294117647059,23.559330624412947,0.6314768296588837,2.919389978213508,0.9371096711768696,1.6523060601416553,True,excellent,FAIL,FAIL,FAIL,FAIL,excellent,pass,FAIL,actuated_tsp,2019-02-16,weekend
d10,934.0,1193.0,7.942020741912863,1.6468451430888704,3.657341361290956,95.83333333333334,52.80967172907395,35.65310492505353,46.09675533932944,0.1369705569350834,27.73019271948608,0.838993579720529,1.4535949681111366,True,FAIL,FAIL,FAIL,FAIL,FAIL,FAIL,FAIL,FAIL,actuated_tsp,2019-02-16,weekend
d1,101.0,101.0,0.0,0.0,0.0,100.0,0.0,0.0,0.0,1.0,0.0,1.0,1.0,False,excellent,excellent,excellent,excellent,excellent,excellent,excellent,pass,actuated_tsp,2019-02-17,weekend
d2,206.0,206.0,0.0,0.0,0.0,100.0,0.0,0.0,0.0,1.0,0.0,1.0,1.0,False,excellent,excellent,excellent,excellent,excellent,excellent,excellent,pass,actuated_tsp,2019-02-17,weekend
d3,206.0,206.0,0.0,0.0,0.0,100.0,0.0,0.0,0.0,1.0,0.0,1.0,1.0,True,excellent,excellent,excellent,excellent,excellent,excellent,excellent,pass,actuated_tsp,2019-02-17,weekend
d4,1325.0,1315.0,0.2752409412815901,0.0,0.1813707981729406,100.0,1.5686497879869077,0.7547169811320755,0.444476667203346,0.9994794672733122,-0.7547169811320755,0.999868203479184,1.008966458406199,False,excellent,excellent,excellent,excellent,excellent,excellent,excellent,FAIL,actuated_tsp,2019-02-17,weekend
d5,2082.0,2014.0,1.5026019100214134,0.062257280636469,0.6329488154535772,100.0,5.934080772903171,3.266090297790586,1.7867623208341905,0.9958062016781788,-3.266090297790586,0.9988951005701698,0.9779719180351408,False,excellent,pass,excellent,excellent,excellent,excellent,excellent,pass,actuated_tsp,2019-02-17,weekend
d6,208.0,208.0,0.0,0.0,0.0,100.0,0.0,0.0,0.0,1.0,0.0,1.0,1.0,True,excellent,excellent,excellent,excellent,excellent,excellent,excellent,pass,actuated_tsp,2019-02-17,weekend
d7,208.0,208.0,0.0,0.0,0.0,100.0,0.0,0.0,0.0,1.0,0.0,1.0,1.0,False,excellent,excellent,excellent,excellent,excellent,excellent,excellent,pass,actuated_tsp,2019-02-17,weekend
d8,216.0,230.0,0.9375093422553952,0.2721655269759087,0.8001478352497511,100.0,12.422599874998832,8.333333333333332,8.156135531135531,0.943609022556391,6.481481481481482,0.9860724233983288,1.06341013795023,True,excellent,pass,pass,pass,pass,pass,excellent,FAIL,actuated_tsp,2019-02-17,weekend
d9,1651.0,1799.0,3.5634212513387684,1.5118220865759429,5.12793213156521,87.5,47.92501887168699,31.496062992125985,26.815836498056186,0.365612197645304,8.964264082374319,0.9015032202873184,1.983449931168362,True,pass,FAIL,FAIL,FAIL,FAIL,pass,pass,FAIL,actuated_tsp,2019-02-17,weekend
d10,823.0,859.0,1.2413793103448276,1.639228885683116,2.9247511540256217,100.0,39.86011869514007,30.376670716889432,36.153387471346775,0.664093640265314,4.374240583232078,0.9111489433373886,1.2789796565342035,True,excellent,FAIL,FAIL,FAIL,FAIL,excellent,pass,FAIL,actuated_tsp,2019-02-17,weekend
d1,139.0,139.0,0.0,0.0,0.0,100.0,0.0,0.0,0.0,1.0,0.0,1.0,1.0,False,excellent,excellent,excellent,excellent,excellent,excellent,excellent,pass,actuated_tsp,2019-02-18,weekday
d2,283.0,283.0,0.0,0.0,0.0,100.0,2.4481283499206743,0.7067137809187279,0.6458333333333333,0.9977923929540542,0.0,0.9994477934747596,0.995012437733208,False,excellent,excellent,excellent,excellent,excellent,excellent,excellent,pass,actuated_tsp,2019-02-18,weekday
d3,284.0,283.0,0.0593913870916498,0.0,0.254000254000381,100.0,4.563901900287226,2.4647887323943665,2.189950980392157,0.9923189465983906,-0.352112676056338,0.9980703850041348,1.0131411680782825,True,excellent,excellent,excellent,excellent,excellent,excellent,excellent,FAIL,actuated_tsp,2019-02-18,weekday
d4,1235.0,1227.0,0.2280137097364592,0.0,0.1626224343171615,100.0,1.5867140034223015,0.8097165991902834,0.4504358139192554,0.9995089306837756,-0.6477732793522267,0.9998759252294414,0.9814798787003116,False,excellent,excellent,excellent,excellent,excellent,excellent,excellent,pass,actuated_tsp,2019-02-18,weekday
d5,2924.0,2839.0,1.583469175976734,0.2532167062591233,0.5787782588031303,100.0,4.134632355597104,2.9069767441860463,1.859435747976752,0.9970177660831696,-2.9069767441860463,0.9992273080418752,0.9855124138063456,False,excellent,excellent,excellent,excellent,excellent,excellent,excellent,pass,actuated_tsp,2019-02-18,weekday
d6,288.0,284.0,0.236524958395633,0.0,0.2461829819586654,100.0,3.4020690871988584,1.3888888888888888,1.1764705882352942,0.9959100204498976,-1.3888888888888888,0.9989572471324296,0.9924527223072328,True,excellent,excellent,excellent,excellent,excellent,excellent,excellent,pass,actuated_tsp,2019-02-18,weekday
d7,284.0,284.0,0.0,0.0,0.0,100.0,0.0,0.0,0.0,1.0,0.0,1.0,1.0,False,excellent,excellent,excellent,excellent,excellent,excellent,excellent,pass,actuated_tsp,2019-02-18,weekday
d8,288.0,315.0,1.5549631660464482,0.242614351912772,0.9428090415820634,100.0,17.095185590404405,10.069444444444445,8.88480922672099,0.8930084745762712,9.375,0.9761172854102624,1.178389170125655,True,excellent,FAIL,FAIL,pass,FAIL,pass,excellent,FAIL,actuated_tsp,2019-02-18,weekday
d9,2050.0,2024.0,0.576073414838126,1.1075559541855906,3.055655495037774,100.0,15.091393200132297,11.414634146341465,19.19426363305645,0.946631575425723,-1.2682926829268293,0.988009284686281,1.0829932274862974,True,excellent,FAIL,FAIL,FAIL,pass,excellent,excellent,FAIL,actuated_tsp,2019-02-18,weekday
d10,966.0,1053.0,2.738205831169096,1.3431055091903636,2.474222540346832,100.0,29.190343954611453,21.63561076604555,40.15063908221266,0.835652454299675,9.006211180124224,0.9617981285349416,1.2253060374560367,True,pass,FAIL,FAIL,FAIL,FAIL,pass,excellent,FAIL,actuated_tsp,2019-02-18,weekday
d1,139.0,139.0,0.0,0.0,0.0,100.0,0.0,0.0,0.0,1.0,0.0,1.0,1.0,False,excellent,excellent,excellent,excellent,excellent,excellent,excellent,pass,actuated_tsp,2019-02-19,weekday
d2,284.0,283.0,0.0593913870916498,0.0,0.0,100.0,1.724992776607872,0.352112676056338,0.3571428571428571,0.9989075018208304,-0.352112676056338,0.9997263023446766,1.0115610777177464,False,excellent,excellent,excellent,excellent,excellent,excellent,excellent,FAIL,actuated_tsp,2019-02-19,weekday
d3,287.0,284.0,0.1775489868516546,0.0,0.2600290822037258,100.0,3.81688193383391,1.7421602787456445,9.96705500381971,0.9942854421639126,-1.0452961672473868,0.9985972131300852,1.0026702317227174,True,excellent,excellent,excellent,pass,excellent,excellent,excellent,FAIL,actuated_tsp,2019-02-19,weekday
d4,1222.0,1213.0,0.2579336622608806,0.0,0.1782546027838002,100.0,1.5526731555654891,0.7364975450081833,0.4595358663820509,0.9994080466196174,-0.7364975450081833,0.9998501847721144,0.996272310724036,False,excellent,excellent,excellent,excellent,excellent,excellent,excellent,pass,actuated_tsp,2019-02-19,weekday
d5,3280.0,3168.0,1.9725158702937715,0.2189852971007183,0.7869879861279565,100.0,5.073815625052371,3.414634146341464,2.1028820234787258,0.9954072820183548,-3.414634146341464,0.9987990100679174,0.9717367100890296,False,excellent,pass,excellent,excellent,excellent,excellent,excellent,pass,actuated_tsp,2019-02-19,weekday
d6,285.0,287.0,0.1182624791978165,0.0,0.3033100657831818,100.0,5.435766099940234,2.807017543859649,7.059212573918456,0.9890185312285518,0.7017543859649122,0.9973129114604328,1.0043763885240242,True,excellent,pass,excellent,pass,excellent,excellent,excellent,FAIL,actuated_tsp,2019-02-19,weekday
d7,287.0,287.0,0.0,0.0,0.0,100.0,0.0,0.0,0.0,1.0,0.0,1.0,1.0,False,excellent,excellent,excellent,excellent,excellent,excellent,excellent,pass,actuated_tsp,2019-02-19,weekday
d8,288.0,316.0,1.6112189454156207,0.242614351912772,0.7262300118520721,100.0,15.957118462605637,9.722222222222223,10.113970588235295,0.9069767441860466,9.72222222222222,0.9791469194312796,1.2060453783110543,True,excellent,FAIL,pass,pass,pass,pass,excellent,FAIL,actuated_tsp,2019-02-19,weekday
d9,2189.0,2242.0,1.126004153275382,1.7945968323558672,3.0436451059109864,100.0,20.235024751347737,16.582914572864322,22.67611759689605,0.8953076817588309,2.4211968935587027,0.9780412520784052,1.2539170748343789,True,excellent,FAIL,FAIL,FAIL,FAIL,excellent,excellent,FAIL,actuated_tsp,2019-02-19,weekday
d10,947.0,1041.0,2.98149895456909,1.5532527097810314,3.37881365787947,100.0,36.49184551882606,28.088701161562827,66.50428761883173,0.7534920107417904,9.926082365364309,0.9337838343597826,0.9551998826221916,True,pass,FAIL,FAIL,FAIL,FAIL,pass,pass,pass,actuated_tsp,2019-02-19,weekday
d1,139.0,139.0,0.0,0.0,0.0,100.0,0.0,0.0,0.0,1.0,0.0,1.0,1.0,False,excellent,excellent,excellent,excellent,excellent,excellent,excellent,pass,actuated_tsp,2019-02-20,weekday
d2,284.0,282.0,0.1188876596555528,0.0,0.2516550723878663,100.0,3.449985553215744,1.408450704225352,1.3154761904761902,0.9955914768552536,-0.704225352112676,0.9988925802879292,1.0211663667900062,False,excellent,excellent,excellent,excellent,excellent,excellent,excellent,FAIL,actuated_tsp,2019-02-20,weekday
d3,286.0,284.0,0.1184697755518184,0.0,0.0,100.0,2.422448681914514,0.6993006993006993,0.5882352941176471,0.9978397839783978,-0.6993006993006993,0.9994542477715116,0.9946380310616644,True,excellent,excellent,excellent,excellent,excellent,excellent,excellent,pass,actuated_tsp,2019-02-20,weekday
d4,1198.0,1189.0,0.2605141383010009,0.0,0.1208065221365793,100.0,1.686060924601349,0.7512520868113522,0.4749314281685157,0.9993252317035254,-0.7512520868113522,0.9998295044261988,1.0077468492397452,False,excellent,excellent,excellent,excellent,excellent,excellent,excellent,FAIL,actuated_tsp,2019-02-20,weekday
d5,3376.0,3270.0,1.838826249029465,0.2879378958663708,0.6916157538958946,100.0,4.63450407952795,3.1398104265402846,2.1435338132164654,0.9959345596968724,-3.139810426540284,0.9989388882878234,0.9708158800453048,False,excellent,excellent,excellent,excellent,excellent,excellent,excellent,pass,actuated_tsp,2019-02-20,weekday
d6,288.0,286.0,0.118056267220191,0.0,0.0,100.0,2.4056261216234405,0.6944444444444444,5.026455026455027,0.997835497835498,-0.6944444444444444,0.9994620763851532,0.9921567416492214,True,excellent,excellent,excellent,pass,excellent,excellent,excellent,pass,actuated_tsp,2019-02-20,weekday
d7,285.0,286.0,0.0591829956172182,0.0,0.0,100.0,1.71894017037416,0.3508771929824561,0.7142857142857143,0.9989436154760332,0.3508771929824561,0.9997346072186836,1.0,False,excellent,excellent,excellent,excellent,excellent,excellent,excellent,pass,actuated_tsp,2019-02-20,weekday
d8,288.0,314.0,1.498615086031011,0.2461829819586654,0.5338115123794601,100.0,12.95469312929002,9.722222222222223,9.464460784313726,0.938034188034188,9.02777777777778,0.9861575178997614,1.1705407920514148,True,excellent,pass,pass,pass,pass,pass,excellent,FAIL,actuated_tsp,2019-02-20,weekday
d9,2284.0,2302.0,0.3758984005035007,1.1374623028008295,2.510507694253354,100.0,16.230623109068524,12.784588441330996,16.5198896869782,0.929529044962258,0.7880910683012259,0.9847585168079542,1.2136982307743334,True,excellent,FAIL,FAIL,FAIL,pass,excellent,excellent,FAIL,actuated_tsp,2019-02-20,weekday
d10,956.0,1022.0,2.098677902471348,1.1866695279570154,2.8011155736873583,100.0,30.76380994920803,22.80334728033473,32.113773583127085,0.8063753581661891,6.903765690376569,0.9509307514844372,0.8924067186842528,True,pass,FAIL,FAIL,FAIL,FAIL,pass,excellent,pass,actuated_tsp,2019-02-20,weekday
d1,139.0,139.0,0.0,0.0,0.0,100.0,0.0,0.0,0.0,1.0,0.0,1.0,1.0,False,excellent,excellent,excellent,excellent,excellent,excellent,excellent,pass,actuated_tsp,2019-02-21,weekday
d2,282.0,280.0,0.1193099972543787,0.0,0.2516550723878663,100.0,3.474453535862664,1.4184397163120568,1.3154761904761902,0.9955182072829132,-0.7092198581560284,0.9988738738738738,1.0139866932482435,False,excellent,excellent,excellent,excellent,excellent,excellent,excellent,FAIL,actuated_tsp,2019-02-21,weekday
d3,283.0,282.0,0.0594964117308729,0.0,0.0,100.0,1.7310881574439425,0.3533568904593639,0.2941176470588235,0.998891301335058,-0.3533568904593639,0.999721293199554,0.997693191852648,True,excellent,excellent,excellent,excellent,excellent,excellent,excellent,pass,actuated_tsp,2019-02-21,weekday
d4,1334.0,1327.0,0.1919069046506972,0.0,0.1449083991986972,100.0,1.2179967623142367,0.5247376311844079,0.3993980868943715,0.9996217569960628,-0.5247376311844077,0.9999048069600536,1.006273138903182,False,excellent,excellent,excellent,excellent,excellent,excellent,excellent,FAIL,actuated_tsp,2019-02-21,weekday
d5,3294.0,3140.0,2.7151585210109217,0.3919795874288105,0.9348279589391388,100.0,6.7763479918900815,4.675166970248937,3.84886324145526,0.9930175419124064,-4.675166970248937,0.9981558534774064,0.97577570998677,False,pass,pass,excellent,excellent,excellent,excellent,excellent,pass,actuated_tsp,2019-02-21,weekday
d6,289.0,283.0,0.3547874375934496,0.0,0.2600290822037258,100.0,4.794604311609349,2.768166089965398,7.061546840958606,0.991461733445991,-2.0761245674740483,0.9978194703129968,0.9281909617845142,True,excellent,excellent,excellent,pass,excellent,excellent,excellent,pass,actuated_tsp,2019-02-21,weekday
d7,282.0,283.0,0.0594964117308729,0.0,0.0,100.0,1.737226767931332,0.3546099290780142,0.7142857142857143,0.9988944168048646,0.3546099290780142,0.9997222222222222,1.0,False,excellent,excellent,excellent,excellent,excellent,excellent,excellent,pass,actuated_tsp,2019-02-21,weekday
d8,285.0,314.0,1.6757127903052642,0.242614351912772,0.7385489458759964,100.0,15.660290248716771,10.175438596491228,9.822303921568627,0.9090535543076292,10.175438596491228,0.980028873917228,1.1619941543512788,True,excellent,FAIL,FAIL,pass,pass,FAIL,excellent,FAIL,actuated_tsp,2019-02-21,weekday
d9,2314.0,2268.0,0.9610484599102902,1.5982395698655545,5.165253173299144,87.5,21.41103325038688,16.421780466724286,25.19214706098918,0.8835793543442423,-1.987899740708729,0.9759597401645188,1.270960607573814,True,excellent,FAIL,FAIL,FAIL,FAIL,excellent,excellent,FAIL,actuated_tsp,2019-02-21,weekday
d10,1042.0,1140.0,2.966973725685696,1.4441482496898908,4.21478207140097,100.0,34.79121707599908,25.911708253358928,53.2568738205477,0.7570523295794852,9.404990403071018,0.9346489556018922,0.9081225143704272,True,pass,FAIL,FAIL,FAIL,FAIL,pass,pass,pass,actuated_tsp,2019-02-21,weekday
d1,143.0,143.0,0.0,0.0,0.0,100.0,0.0,0.0,0.0,1.0,0.0,1.0,1.0,False,excellent,excellent,excellent,excellent,excellent,excellent,excellent,pass,actuated_tsp,2019-02-22,weekday
d2,291.0,291.0,0.0,0.0,0.0,100.0,0.0,0.0,0.0,1.0,0.0,1.0,1.0,False,excellent,excellent,excellent,excellent,excellent,excellent,excellent,pass,actuated_tsp,2019-02-22,weekday
d3,292.0,291.0,0.0585707412657422,0.0,0.0,100.0,1.6777327005364235,0.3424657534246575,0.2777777777777777,0.9989285714285714,-0.3424657534246575,0.9997305308542171,0.993370092648839,True,excellent,excellent,excellent,excellent,excellent,excellent,excellent,pass,actuated_tsp,2019-02-22,weekday
d4,1567.0,1557.0,0.2530226996846287,0.0,0.1126322963002719,100.0,1.1697704390442476,0.6381620931716656,0.470295725036856,0.9994967098906992,-0.6381620931716656,0.9998730613521686,0.9857634046880484,False,excellent,excellent,excellent,excellent,excellent,excellent,excellent,pass,actuated_tsp,2019-02-22,weekday
d5,3462.0,3370.0,1.5740875949070563,0.2367632546932616,0.6015508197520121,100.0,3.613286140060517,2.657423454650491,1.9650558100872824,0.9969597280542026,-2.657423454650491,0.9992152236973556,0.9955155089765017,False,excellent,excellent,excellent,excellent,excellent,excellent,excellent,pass,actuated_tsp,2019-02-22,weekday
d6,294.0,288.0,0.3517262290563295,0.0,0.2440418039311294,100.0,4.713063421956129,2.0408163265306123,6.100217864923748,0.9915833771699104,-2.0408163265306123,0.997863247863248,0.9768308314557044,True,excellent,excellent,excellent,pass,excellent,excellent,excellent,pass,actuated_tsp,2019-02-22,weekday
d7,287.0,288.0,0.0589767824619588,0.0,0.0,100.0,1.7069614932286956,0.3484320557491289,0.7142857142857143,0.998904659759938,0.3484320557491289,0.9997247453894852,1.0,False,excellent,excellent,excellent,excellent,excellent,excellent,excellent,pass,actuated_tsp,2019-02-22,weekday
d8,296.0,330.0,1.921793624410353,0.2461829819586654,0.786688756329599,100.0,16.550606370156608,11.486486486486488,11.684232026143787,0.8930862437633642,11.486486486486486,0.9765917602996256,1.290296425192624,True,excellent,FAIL,FAIL,pass,FAIL,FAIL,excellent,FAIL,actuated_tsp,2019-02-22,weekday
d9,2552.0,2407.0,2.911963626789093,1.375738694724424,3.3422461568071413,100.0,16.469990917409987,13.83228840125392,20.62422067529727,0.894901912258826,-5.681818181818182,0.9775359878906128,1.2402057361369856,True,pass,FAIL,FAIL,FAIL,FAIL,pass,excellent,FAIL,actuated_tsp,2019-02-22,weekday
d10,1046.0,1336.0,8.403150023096297,1.761872449945303,4.4389314403837945,91.66666666666666,44.27366925707473,33.65200764818355,76.62098296629728,0.4458580951888791,27.72466539196941,0.8820229663836454,1.4264297589725552,True,FAIL,FAIL,FAIL,FAIL,FAIL,FAIL,FAIL,FAIL,actuated_tsp,2019-02-22,weekday
d1,136.0,136.0,0.0,0.0,0.0,100.0,0.0,0.0,0.0,1.0,0.0,1.0,1.0,False,excellent,excellent,excellent,excellent,excellent,excellent,excellent,pass,actuated_tsp,2019-02-23,weekend
d2,272.0,274.0,0.1210455065337604,0.0,0.0,100.0,3.602190798210556,0.7352941176470588,0.4347826086956521,0.9958041958041958,0.7352941176470589,0.9989771564950564,1.0745182045831874,False,excellent,excellent,excellent,excellent,excellent,excellent,excellent,FAIL,actuated_tsp,2019-02-23,weekend
d3,272.0,274.0,0.1210455065337604,0.0,0.1723280873710656,100.0,4.411764705882352,1.4705882352941175,1.059782608695652,0.9936797752808988,0.7352941176470589,0.9984602224123182,1.0759346950351103,True,excellent,excellent,excellent,excellent,excellent,excellent,excellent,FAIL,actuated_tsp,2019-02-23,weekend
d4,1861.0,1830.0,0.7216135326408326,0.0921973336831945,0.3625243026415368,100.0,2.6716395259873296,1.6657710908113916,1.1951642292051556,0.9979672373258646,-1.6657710908113916,0.9994802652161188,0.9805891950342394,False,excellent,excellent,excellent,excellent,excellent,excellent,excellent,pass,actuated_tsp,2019-02-23,weekend
d5,2891.0,2816.0,1.4040168662751171,0.2585605569906293,0.5472624818195979,100.0,3.582706987540381,2.594258042199931,2.1122119352989213,0.9962474802186452,-2.5942580421999306,0.9990288716805432,0.9634212700687184,False,excellent,excellent,excellent,excellent,excellent,excellent,excellent,pass,actuated_tsp,2019-02-23,weekend
d6,277.0,278.0,0.0600300225187664,0.0,0.0,100.0,1.7685846518290096,0.3610108303249097,0.2941176470588235,0.9990098601427452,0.3610108303249097,0.9997538562520512,1.0020725410834093,True,excellent,excellent,excellent,excellent,excellent,excellent,excellent,FAIL,actuated_tsp,2019-02-23,weekend
d7,278.0,278.0,0.0,0.0,0.0,100.0,0.0,0.0,0.0,1.0,0.0,1.0,1.0,False,excellent,excellent,excellent,excellent,excellent,excellent,excellent,pass,actuated_tsp,2019-02-23,weekend
d8,272.0,310.0,2.2275994506900867,0.3375374913754935,1.08358925751015,100.0,19.89374890951277,13.970588235294116,12.660539215686276,0.8738800827015851,13.970588235294118,0.9732025186703764,1.3672555558863313,True,pass,FAIL,FAIL,pass,FAIL,FAIL,excellent,FAIL,actuated_tsp,2019-02-23,weekend
d9,2116.0,2465.0,7.29222867139069,2.1102663471975727,5.044891472390402,87.5,45.03123606942536,31.899810964083176,68.22817920270516,0.0182775980485441,16.493383742911153,0.8398867052153598,1.462142578229905,True,FAIL,FAIL,FAIL,FAIL,FAIL,FAIL,FAIL,FAIL,actuated_tsp,2019-02-23,weekend
d10,1136.0,1210.0,2.160641501153,1.5439286760763422,4.704215825854419,91.66666666666666,47.79272968674768,32.570422535211264,36.94030366296317,0.45348561257787,6.514084507042254,0.842276487727479,1.0283750888622958,True,pass,FAIL,FAIL,FAIL,FAIL,pass,FAIL,FAIL,actuated_tsp,2019-02-23,weekend
d1,101.0,101.0,0.0,0.0,0.0,100.0,0.0,0.0,0.0,1.0,0.0,1.0,1.0,False,excellent,excellent,excellent,excellent,excellent,excellent,excellent,pass,actuated_tsp,2019-02-24,weekend
d2,206.0,205.0,0.0697580106415155,0.0,0.0,100.0,2.378145381342891,0.4854368932038834,0.4166666666666667,0.9978347167087694,-0.4854368932038835,0.9994549418604652,0.9607689228305228,False,excellent,excellent,excellent,excellent,excellent,excellent,excellent,pass,actuated_tsp,2019-02-24,weekend
d3,206.0,206.0,0.0,0.0,0.0,100.0,0.0,0.0,0.0,1.0,0.0,1.0,1.0,True,excellent,excellent,excellent,excellent,excellent,excellent,excellent,pass,actuated_tsp,2019-02-24,weekend
d4,1357.0,1345.0,0.3264777370745659,0.0,0.1569496646010037,100.0,2.2254486176184964,0.8843036109064112,0.5246473190552138,0.9990596842724976,-0.8843036109064112,0.9997610120510722,0.9842113187959824,False,excellent,excellent,excellent,excellent,excellent,excellent,excellent,pass,actuated_tsp,2019-02-24,weekend
d5,2416.0,2340.0,1.558503088070618,0.1096372136358511,0.5834273267354645,100.0,6.651426962450552,3.14569536423841,1.6573346101409658,0.9944492401236712,-3.1456953642384105,0.998526301949226,0.9583950851387512,False,excellent,pass,excellent,excellent,excellent,excellent,excellent,pass,actuated_tsp,2019-02-24,weekend
d6,212.0,212.0,0.0,0.0,0.0,100.0,0.0,0.0,0.0,1.0,0.0,1.0,1.0,True,excellent,excellent,excellent,excellent,excellent,excellent,excellent,pass,actuated_tsp,2019-02-24,weekend
d7,212.0,212.0,0.0,0.0,0.0,100.0,0.0,0.0,0.0,1.0,0.0,1.0,1.0,False,excellent,excellent,excellent,excellent,excellent,excellent,excellent,pass,actuated_tsp,2019-02-24,weekend
d8,209.0,230.0,1.417431344831937,0.1414213562373095,1.0236877675803726,100.0,18.004677246150028,11.004784688995214,11.237179487179487,0.8783400635793454,10.047846889952153,0.9721565864289576,1.2803027992361644,True,excellent,FAIL,FAIL,pass,FAIL,FAIL,excellent,FAIL,actuated_tsp,2019-02-24,weekend
d9,1849.0,2015.0,3.776630768104308,2.018696696765142,4.342419185557536,95.83333333333334,38.89487203107669,28.66414277988101,26.73526113631696,0.6006075830503789,8.97782585181179,0.9360830593969672,1.6866580323046432,True,pass,FAIL,FAIL,FAIL,FAIL,pass,pass,FAIL,actuated_tsp,2019-02-24,weekend
d10,807.0,881.0,2.5471850460396026,1.463035727205002,2.918121523385646,100.0,37.55934852138317,29.739776951672862,38.58105007916737,0.7651767845230153,9.169764560099132,0.937472882762676,1.148976975580057,True,pass,FAIL,FAIL,FAIL,FAIL,pass,pass,FAIL,actuated_tsp,2019-02-24,weekend
d1,140.0,140.0,0.0,0.0,0.0,100.0,0.0,0.0,0.0,1.0,0.0,1.0,1.0,False,excellent,excellent,excellent,excellent,excellent,excellent,excellent,pass,actuated_tsp,2019-02-25,weekday
d2,283.0,282.0,0.0594964117308729,0.0,0.2516550723878663,100.0,3.870830795089514,1.76678445229682,1.62797619047619,0.9944193833418592,-0.3533568904593639,0.9986049107142856,1.030268175751576,False,excellent,excellent,excellent,excellent,excellent,excellent,excellent,FAIL,actuated_tsp,2019-02-25,weekday
d3,283.0,284.0,0.0593913870916498,0.0,0.0,100.0,1.7310881574439425,0.3533568904593639,0.3125,0.998883876668372,0.3533568904593639,0.9997223507635354,1.0027894056973132,True,excellent,excellent,excellent,excellent,excellent,excellent,excellent,FAIL,actuated_tsp,2019-02-25,weekday
d4,1058.0,1056.0,0.0615166251920865,0.0,0.0,100.0,0.6548396247897456,0.1890359168241965,0.128491839296924,0.9999031750514382,-0.1890359168241966,0.9999757440512286,1.0031150169717429,False,excellent,excellent,excellent,excellent,excellent,excellent,excellent,FAIL,actuated_tsp,2019-02-25,weekday
d5,3401.0,3284.0,2.0237187420060248,0.2974109006262706,0.7378353426419312,100.0,5.325780291720129,3.44016465745369,2.0608059790895767,0.9949962107063826,-3.44016465745369,0.998686670943019,0.9617350355265408,False,pass,pass,excellent,excellent,excellent,excellent,excellent,pass,actuated_tsp,2019-02-25,weekday
d6,282.0,283.0,0.0594964117308729,0.0,0.0,100.0,1.737226767931332,0.3546099290780142,0.5555555555555555,0.9989457037427516,0.3546099290780142,0.999735729386892,0.9943872335007392,True,excellent,excellent,excellent,excellent,excellent,excellent,excellent,pass,actuated_tsp,2019-02-25,weekday
d7,283.0,283.0,0.0,0.0,0.0,100.0,0.0,0.0,0.0,1.0,0.0,1.0,1.0,False,excellent,excellent,excellent,excellent,excellent,excellent,excellent,pass,actuated_tsp,2019-02-25,weekday
d8,284.0,311.0,1.5653817962616108,0.2461829819586654,0.8885665577077871,100.0,15.524934989470845,10.211267605633802,9.9562324929972,0.9107274063188832,9.507042253521126,0.9801096832282884,1.1366142229850429,True,excellent,FAIL,FAIL,pass,pass,pass,excellent,FAIL,actuated_tsp,2019-02-25,weekday
d9,2198.0,2298.0,2.109122703047989,1.5289496285423805,3.1886065253860183,100.0,20.81545813804865,15.650591446769791,21.918721629496343,0.8977824742610364,4.549590536851683,0.9785708669929438,1.2201109354743316,True,pass,FAIL,FAIL,FAIL,FAIL,excellent,excellent,FAIL,actuated_tsp,2019-02-25,weekday
d10,1034.0,908.0,4.043532425975784,1.012147519731584,3.313063159399471,100.0,28.788293934451158,19.148936170212767,26.928312901356712,0.8285488727041942,-12.18568665377176,0.949810797369855,0.9562741683912532,True,pass,FAIL,FAIL,FAIL,FAIL,FAIL,pass,pass,actuated_tsp,2019-02-25,weekday
d1,138.0,138.0,0.0,0.0,0.0,100.0,0.0,0.0,0.0,1.0,0.0,1.0,1.0,False,excellent,excellent,excellent,excellent,excellent,excellent,excellent,pass,actuated_tsp,2019-02-26,weekday
d2,284.0,279.0,0.2980099775410749,0.0,0.2516550723878663,100.0,6.219549905864681,2.4647887323943665,2.256016042780749,0.9857038123167156,-1.7605633802816902,0.9963595631475776,0.9530018679868753,False,excellent,pass,excellent,excellent,excellent,excellent,excellent,pass,actuated_tsp,2019-02-26,weekday
d3,284.0,284.0,0.0,0.0,0.2461829819586654,100.0,3.449985553215744,1.408450704225352,1.2340686274509804,0.995601173020528,0.0,0.9988978692138134,0.9755464218867488,True,excellent,excellent,excellent,excellent,excellent,excellent,excellent,pass,actuated_tsp,2019-02-26,weekday
d4,1180.0,1175.0,0.145710063157312,0.0,0.112505509795839,100.0,1.09843062684879,0.423728813559322,0.2407395079808872,0.9997299729972996,-0.423728813559322,0.9999319063939895,0.9831574643802627,False,excellent,excellent,excellent,excellent,excellent,excellent,excellent,pass,actuated_tsp,2019-02-26,weekday
d5,3762.0,3594.0,2.7701508489499287,0.2709899221775402,0.9854961202303864,100.0,6.786591556505242,4.465709728867624,2.79627529643806,0.9919669331046058,-4.465709728867624,0.997866215397935,0.9762946422289672,False,pass,pass,excellent,excellent,excellent,excellent,excellent,pass,actuated_tsp,2019-02-26,weekday
d6,285.0,286.0,0.0591829956172182,0.0,0.1673320053068149,100.0,2.977291710259148,1.0526315789473684,5.722288915566226,0.9967484080747866,0.3508771929824561,0.9991974317817014,1.0,True,excellent,excellent,excellent,pass,excellent,excellent,excellent,pass,actuated_tsp,2019-02-26,weekday
d7,285.0,286.0,0.0591829956172182,0.0,0.0,100.0,1.71894017037416,0.3508771929824561,0.7142857142857143,0.9989546583039332,0.3508771929824561,0.9997373949579832,1.0,False,excellent,excellent,excellent,excellent,excellent,excellent,excellent,pass,actuated_tsp,2019-02-26,weekday
d8,287.0,314.0,1.5575483102519545,0.1195228609334393,1.0288746208869255,100.0,17.821201188215223,10.104529616724738,9.907865418894833,0.8826642745010091,9.40766550522648,0.9740558124005152,1.2739508701956015,True,excellent,FAIL,FAIL,pass,FAIL,pass,excellent,FAIL,actuated_tsp,2019-02-26,weekday
d9,2380.0,2545.0,3.325031964275197,1.5026060090835505,2.813568565235413,100.0,20.675343079474967,14.57983193277311,20.52346498132847,0.9026772048515094,6.932773109243698,0.9794882973893048,1.0829167180956498,True,pass,FAIL,FAIL,FAIL,pass,pass,excellent,FAIL,actuated_tsp,2019-02-26,weekday
d10,1059.0,1009.0,1.5549260339278073,1.3649117998378424,3.272780366702583,100.0,33.204549160847456,25.11803588290841,42.364059474291096,0.7685391617856,-4.721435316336166,0.935780116703932,1.1662202824366077,True,excellent,FAIL,FAIL,FAIL,FAIL,excellent,pass,FAIL,actuated_tsp,2019-02-26,weekday
d1,140.0,140.0,0.0,0.0,0.0,100.0,0.0,0.0,0.0,1.0,0.0,1.0,1.0,False,excellent,excellent,excellent,excellent,excellent,excellent,excellent,pass,actuated_tsp,2019-02-27,weekday
d2,283.0,282.0,0.0594964117308729,0.0,0.0,100.0,1.7310881574439425,0.3533568904593639,0.3125,0.998883876668372,-0.3533568904593639,0.999719730941704,1.0028208800748637,False,excellent,excellent,excellent,excellent,excellent,excellent,excellent,FAIL,actuated_tsp,2019-02-27,weekday
d3,284.0,283.0,0.0593913870916498,0.0,0.0,100.0,1.724992776607872,0.352112676056338,0.2941176470588235,0.9988954344624448,-0.352112676056338,0.9997223507635354,0.9972027917235436,True,excellent,excellent,excellent,excellent,excellent,excellent,excellent,pass,actuated_tsp,2019-02-27,weekday
d4,1187.0,1177.0,0.290864863581575,0.0,0.1293179820892965,100.0,1.4297020007141652,0.8424599831508003,0.5881431906740435,0.9995156595019028,-0.8424599831508003,0.9998776735548914,0.9885693565419306,False,excellent,excellent,excellent,excellent,excellent,excellent,excellent,pass,actuated_tsp,2019-02-27,weekday
d5,3901.0,3739.0,2.621098446846823,0.3431796577441348,0.9191017108196018,100.0,6.090435234008716,4.152781338118432,2.7209091064694806,0.9931716825630772,-4.152781338118431,0.9981962344092572,0.9648291149217426,False,pass,pass,excellent,excellent,excellent,excellent,excellent,pass,actuated_tsp,2019-02-27,weekday
d6,284.0,283.0,0.0593913870916498,0.0,0.2600290822037258,100.0,4.563901900287226,1.7605633802816902,5.972222222222221,0.992128935532234,-0.352112676056338,0.9980618366405168,1.006703985687057,True,excellent,excellent,excellent,pass,excellent,excellent,excellent,FAIL,actuated_tsp,2019-02-27,weekday
d7,283.0,283.0,0.0,0.0,0.0,100.0,2.4481283499206743,0.7067137809187279,1.0476190476190477,0.9978767638342106,0.0,0.9994649306639318,1.0020725410834093,False,excellent,excellent,excellent,excellent,excellent,excellent,excellent,FAIL,actuated_tsp,2019-02-27,weekday
d8,287.0,313.0,1.501110699893027,0.242614351912772,0.9352652097521184,100.0,15.829709674704596,9.75609756097561,8.740790255496139,0.9064157787349808,9.059233449477352,0.9793376502249934,1.265717510476382,True,excellent,FAIL,pass,pass,pass,pass,excellent,FAIL,actuated_tsp,2019-02-27,weekday
d9,2555.0,2625.0,1.375460610810754,1.3626075101099513,2.8212001249708147,91.66666666666666,18.621583657079302,14.090019569471629,21.70024134290268,0.9118965432019004,2.73972602739726,0.9808868276780351,1.0482965746156538,True,excellent,FAIL,FAIL,FAIL,pass,excellent,excellent,FAIL,actuated_tsp,2019-02-27,weekday
d10,1076.0,1014.0,1.9179334971582125,1.1506701165426498,2.215006080413376,95.83333333333334,26.594869327167164,20.446096654275088,27.63786545954365,0.8227102674241374,-5.762081784386617,0.9544535628948122,1.13318856819869,True,excellent,FAIL,FAIL,FAIL,FAIL,pass,excellent,FAIL,actuated_tsp,2019-02-27,weekday
d1,140.0,140.0,0.0,0.0,0.0,100.0,0.0,0.0,0.0,1.0,0.0,1.0,1.0,False,excellent,excellent,excellent,excellent,excellent,excellent,excellent,pass,actuated_tsp,2019-02-28,weekday
d2,285.0,284.0,0.0592869166728752,0.0,0.254000254000381,100.0,4.547888209409026,2.456140350877193,2.1948529411764706,0.9923964697895452,-0.3508771929824561,0.9980816662099206,0.9651460248662213,False,excellent,excellent,excellent,excellent,excellent,excellent,excellent,pass,actuated_tsp,2019-02-28,weekday
d3,286.0,285.0,0.0591829956172182,0.0,0.1723280873710656,100.0,2.966881599384116,1.048951048951049,0.9215686274509804,0.9967596759675968,-0.3496503496503496,0.9991843393148452,0.9877295966495896,True,excellent,excellent,excellent,excellent,excellent,excellent,excellent,pass,actuated_tsp,2019-02-28,weekday
d4,1275.0,1270.0,0.1401654929802512,0.0,0.072782534287405,100.0,1.2743589654330918,0.392156862745098,0.272344238541905,0.9996303592655912,-0.392156862745098,0.9999071479218016,1.0039933331940776,False,excellent,excellent,excellent,excellent,excellent,excellent,excellent,FAIL,actuated_tsp,2019-02-28,weekday
d5,4160.0,3974.0,2.916593194011772,0.560988481018348,0.9828528349826294,100.0,5.993246939325931,4.471153846153846,3.1500828240756014,0.9928682620220726,-4.471153846153846,0.9981170474334412,0.98722467553157,False,pass,pass,excellent,excellent,excellent,excellent,excellent,pass,actuated_tsp,2019-02-28,weekday
d6,286.0,284.0,0.1184697755518184,0.0,0.1778001778002665,100.0,4.195804195804196,1.3986013986013983,1.4562908496732023,0.993709592870872,-0.6993006993006993,0.9984011369692662,1.0,True,excellent,excellent,excellent,excellent,excellent,excellent,excellent,pass,actuated_tsp,2019-02-28,weekday
d7,284.0,284.0,0.0,0.0,0.0,100.0,0.0,0.0,0.0,1.0,0.0,1.0,1.0,False,excellent,excellent,excellent,excellent,excellent,excellent,excellent,pass,actuated_tsp,2019-02-28,weekday
d8,288.0,317.0,1.6673827662706,0.1230914909793327,0.8815310128702432,100.0,17.26361513146674,10.069444444444445,8.88953081232493,0.8906581740976646,10.069444444444445,0.9758159192298662,1.1770156556556657,True,excellent,FAIL,FAIL,pass,FAIL,FAIL,excellent,FAIL,actuated_tsp,2019-02-28,weekday
d9,2671.0,2822.0,2.8812911522102103,2.27932379668667,3.3575724205918718,100.0,22.847338330054114,18.831898165481093,23.556785741354357,0.8472750626121883,5.653313365780607,0.9693879966699064,1.3907941126189205,True,pass,FAIL,FAIL,FAIL,FAIL,pass,excellent,FAIL,actuated_tsp,2019-02-28,weekday
d10,1060.0,1088.0,0.8543894767762948,1.9589394937687752,3.701356397818289,100.0,35.3490452739532,28.490566037735853,61.80228532601086,0.7098693999008101,2.641509433962264,0.9273031039434442,1.0978091915493782,True,excellent,FAIL,FAIL,FAIL,FAIL,excellent,pass,FAIL,actuated_tsp,2019-02-28,weekday
